-14.86762647668694,0,-0.503791552784346,0
-14.85571399875113,0,-0.503791552784346,7.608754802147494
-12.93780505108593,0.0001490044941936585,,
-12.92589257315012,0.0002201306154864331,,
-12.91398009521431,0.0003206258839717867,,
-12.9020676172785,0.0004686909330441615,,
-12.89015513934269,0.000665930268062327,,
-12.87824266140688,0.0009335008635581033,,
-12.86633018347107,0.001291229476902488,,
-12.85441770553527,0.001762643366492164,,
-12.84250522759946,0.002375087125838974,,
-12.83059274966365,0.003159689225429515,,
-12.81868027172784,0.004151167076948476,,
-12.80676779379203,0.005387480615896455,,
-12.79485531585622,0.006909369776863079,,
-12.78294283792041,0.008761215431370276,,
-12.7710303599846,0.01098600221777525,,
-12.7591178820488,0.01363093232215615,,
-12.74720540411299,0.01674374951588051,,
-12.73529292617718,0.02037365059168264,,
-12.72338044824137,0.02457163768539592,,
-12.71146797030556,0.02939101017856575,,
-12.69955549236975,0.03488779628076559,,
-12.68764301443394,0.04112082427570391,,
-12.67573053649813,0.04815105410012863,,
-12.66381805856233,0.05603975472710836,,
-12.65190558062652,0.06484514379130801,,
-12.63999310269071,0.07462549026923671,,
-12.6280806247549,0.0854047925609569,,
-12.61616814681909,0.09719999612417858,,
-12.60425566888328,0.109998439120751,,
-12.59234319094747,0.1240000568812555,,
-12.58043071301166,0.1390839800717411,,
-12.56851823507586,0.1547819450232408,,
-12.55660575714005,0.1708428223519144,,
-12.54469327920424,0.1869621743470118,,
-12.53278080126843,0.2027918847594746,,
-12.52086832333262,0.2179556196136145,,
-12.50895584539681,0.2320697247664957,,
-12.497043367461,0.2447684829218834,,
-12.4851308895252,0.2557320057921169,,
-12.47321841158939,0.264722786975865,,
-12.46130593365358,0.2715845347850314,,
-12.44939345571777,0.2762994186647041,,
-12.43748097778196,0.2806280822854958,,
-12.42556849984615,0.2847564605650639,,
-12.41365602191034,0.2872957134340571,,
-12.40174354397453,0.2886392129031503,,
-12.38983106603872,0.2892978841429673,,
-12.37791858810292,0.2898798522853622,,
-12.36600611016711,0.2910253487866338,,
-12.3540936322313,0.2933981714676239,,
-12.34218115429549,0.2976168147672483,,
-12.33026867635968,0.3042133255564588,,
-12.31835619842387,0.3138601142684106,,
-12.30644372048806,0.3267801471695313,,
-12.29453124255225,0.3427200906622654,,
-12.28261876461645,0.3615025934688388,,
-12.27070628668064,0.3827574498012119,,
-12.25879380874483,0.405950296268429,,
-12.24688133080902,0.4303893558333614,,
-12.23496885287321,0.455306552198878,,
-12.2230563749374,0.4798893444585648,,
-12.21114389700159,0.5033501899975356,,
-12.19923141906578,0.5249542328528084,,
-12.18731894112998,0.5441039853784949,,
-12.17540646319417,0.5620034908797511,,
-12.16349398525836,0.578324634429065,,
-12.15158150732255,0.5912212031655024,,
-12.13966902938674,0.6023415438999293,,
-12.12775655145093,0.6118205951488777,,
-12.11584407351512,0.6182061647825567,,
-12.10393159557932,0.6218591788219492,,
-12.09201911764351,0.623232814065575,,
-12.0801066397077,0.6228410999211251,,
-12.06819416177189,0.6212199423301389,,
-12.05628168383608,0.6188924578639248,,
-12.04436920590027,0.6163414666673512,,
-12.03245672796446,0.613990871117573,,
-12.02054425002865,0.6121964043413206,,
-12.00863177209284,0.61289191312866,,
-11.99671929415704,0.6162406995402147,,
-11.98480681622123,0.6206322935842284,,
-11.97289433828542,0.6260881570609505,,
-11.96098186034961,0.63261625278476,,
-11.9490693824138,0.6402459569933714,,
-11.93715690447799,0.6490265057721475,,
-11.92524442654218,0.6590307058001993,,
-11.91333194860637,0.6719990861621905,,
-11.90141947067057,0.6879427669958462,,
-11.88950699273476,0.7051642793578464,,
-11.87759451479895,0.7235922515198137,,
-11.86568203686314,0.7434059108114978,,
-11.85376955892733,0.7644762953262102,,
-11.84185708099152,0.7863496633441116,,
-11.82994460305571,0.8088152581652028,,
-11.8180321251199,0.8316600664334943,,
-11.8061196471841,0.854674459449205,,
-11.79420716924829,0.879295826441086,,
-11.78229469131248,0.905302930018037,,
-11.77038221337667,0.9308218131206748,,
-11.75846973544086,0.9557232175926597,,
-11.74655725750505,0.9816539172218488,,
-11.73464477956924,1.008659535145317,,
-11.72273230163344,1.035251075135332,,
-11.71081982369763,1.061656542968902,,
-11.69890734576182,1.088288038951378,,
-11.68699486782601,1.115615865440852,,
-11.6750823898902,1.144146863303432,,
-11.66316991195439,1.177655626051639,,
-11.65125743401858,1.216412744980332,,
-11.63934495608277,1.257136207373587,,
-11.62743247814696,1.299664472986125,,
-11.61552000021116,1.343693111400076,,
-11.60360752227535,1.38872976927129,,
-11.59169504433954,1.434157085779582,,
-11.57978256640373,1.479260451452157,,
-11.56787008846792,1.523261875102917,,
-11.55595761053211,1.565423142992105,,
-11.5440451325963,1.605108265422793,,
-11.53213265466049,1.643487393134887,,
-11.52022017672469,1.681868920672008,,
-11.50830769878888,1.721706449017848,,
-11.49639522085307,1.761264947128198,,
-11.48448274291726,1.797348147819377,,
-11.47257026498145,1.830385508584941,,
-11.46065778704564,1.861384490602386,,
-11.44874530910983,1.892954780642298,,
-11.43683283117403,1.92588573982866,,
-11.42492035323822,1.959579517192056,,
-11.41300787530241,1.995071659022194,,
-11.4010953973666,2.033279209555996,,
-11.38918291943079,2.076563018955187,,
-11.37727044149498,2.126932685404027,,
-11.36535796355917,2.182641575693082,,
-11.35344548562336,2.241537489698301,,
-11.34153300768756,2.304445299991364,,
-11.32962052975175,2.37019476083371,,
-11.31770805181594,2.435708339716334,,
-11.30579557388013,2.499412617537873,,
-11.29388309594432,2.559706924132147,,
-11.28197061800851,2.616681183161589,,
-11.2700581400727,2.668845904543769,,
-11.25814566213689,2.718095769880913,,
-11.24623318420109,2.763051383171501,,
-11.23432070626528,2.797435019301326,,
-11.22240822832947,2.821827810091991,,
-11.21049575039366,2.838656527648931,,
-11.19858327245785,2.845440340085154,,
-11.18667079452204,2.838181632565616,,
-11.17475831658623,2.818009924239942,,
-11.16284583865042,2.784568275158194,,
-11.15093336071461,2.737642089392393,,
-11.13902088277881,2.677170015288747,,
-11.127108404843,2.60162049012505,,
-11.11519592690719,2.513035032580081,,
-11.10328344897138,2.412050706672456,,
-11.09137097103557,2.297930518829633,,
-11.07945849309976,2.17524138033035,,
-11.06754601516395,2.048769521961365,,
-11.05563353722815,1.918441334540467,,
-11.04372105929234,1.782638139130277,,
-11.03180858135653,1.64162444476186,,
-11.01989610342072,1.497503951812661,,
-11.00798362548491,1.352535072687642,,
-10.9960711475491,1.209013822356619,,
-10.98415866961329,1.069166092171137,,
-10.97224619167748,0.9350595356840991,,
-10.96033371374168,0.808481298319257,,
-10.94842123580587,0.6908927621489099,,
-10.93650875787006,0.5833748942612216,,
-10.92459627993425,0.4866040363679677,,
-10.91268380199844,0.4008752215680504,,
-10.90077132406263,0.3261177236197601,,
-10.88885884612682,0.2619350579304104,,
-10.87694636819101,0.2076800464753279,,
-10.86503389025521,0.1625345675849189,,
-10.8531214123194,0.1255407446042579,,
-10.84120893438359,0.09569057595292675,,
-10.82929645644778,0.07197167913704759,,
-10.81738397851197,0.05340599630629903,,
-10.80547150057616,0.03910312969917705,,
-10.79355902264035,0.02823123208608351,,
-10.78164654470454,0.02011909068112783,,
-10.76973406676873,0.01414338749371206,,
-10.75782158883293,0.00980249940259997,,
-10.74590911089712,0.006695491428781956,,
-10.73399663296131,0.004518160607486099,,
-10.7220841550255,0.003006994272766897,,
-10.71017167708969,0.001968939674165125,,
-10.69825919915388,0.00127493809516676,,
-10.68634672121807,0.0008093552355672746,,
-10.67443424328227,0.0005099685136765299,,
-10.66252176534646,0.0003168640121376158,,
-10.65060928741065,0.0001893552191360481,,
-10.63869680947484,0.0001145662509491879,,
-10.62678433153903,6.834767405528643e-005,,
-5.957092980702004,0.000157275869464624,,
-5.945180502766196,0.0002424847673324321,,
-5.933268024830387,0.0003583480309101087,,
-5.921355546894578,0.0005314522604799939,,
-5.909443068958769,0.0007688847893992541,,
-5.89753059102296,0.001108288397286248,,
-5.885618113087151,0.001579120643128421,,
-5.873705635151342,0.002217860770061742,,
-5.861793157215534,0.003085044539279663,,
-5.849880679279726,0.004251830157643176,,
-5.837968201343917,0.005808342507908028,,
-5.826055723408108,0.007867828650109404,,
-5.814143245472299,0.01057140456018511,,
-5.80223076753649,0.01409330637094969,,
-5.790318289600681,0.01865471626046196,,
-5.778405811664872,0.02450198991538423,,
-5.766493333729065,0.03194749577784157,,
-5.754580855793256,0.04135218614071965,,
-5.742668377857447,0.05313191963101909,,
-5.730755899921638,0.06775559611126544,,
-5.718843421985829,0.08573863787035363,,
-5.70693094405002,0.107630574966117,,
-5.695018466114211,0.1339956774694344,,
-5.683105988178403,0.1653859704247097,,
-5.671193510242594,0.202306584277985,,
-5.659281032306786,0.2451742188260718,,
-5.647368554370977,0.2942704785793783,,
-5.635456076435168,0.3496928776784463,,
-5.623543598499359,0.4113155551298084,,
-5.61163112056355,0.4789948826129253,,
-5.599718642627741,0.5520141130945329,,
-5.587806164691933,0.629048107949988,,
-5.575893686756125,0.708751659759377,,
-5.563981208820316,0.789459210999697,,
-5.552068730884507,0.8693085895414574,,
-5.540156252948698,0.9462727110219281,,
-5.528243775012889,1.018269921783303,,
-5.51633129707708,1.083258463187186,,
-5.504418819141272,1.139328440485837,,
-5.492506341205463,1.186507271171194,,
-5.480593863269654,1.225102783777209,,
-5.468681385333846,1.252432803816765,,
-5.456768907398037,1.267919670110224,,
-5.444856429462228,1.271431108977855,,
-5.432943951526419,1.263366061842671,,
-5.42103147359061,1.246244945564769,,
-5.409118995654802,1.219676846843496,,
-5.397206517718993,1.183637796484511,,
-5.385294039783185,1.14014835238788,,
-5.373381561847376,1.09151484386575,,
-5.361469083911567,1.040233626570007,,
-5.349556605975758,0.9888866722024817,,
-5.337644128039949,0.9400385476531413,,
-5.325731650104141,0.8977858793473912,,
-5.313819172168332,0.8643053392961847,,
-5.301906694232523,0.8398053054781571,,
-5.289994216296714,0.8257504729153337,,
-5.278081738360906,0.8232771689517285,,
-5.266169260425097,0.8330958116862502,,
-5.254256782489288,0.8554826516656499,,
-5.242344304553479,0.8902771847550853,,
-5.230431826617671,0.9368566865504947,,
-5.218519348681862,0.9941877481890398,,
-5.206606870746053,1.060835749071154,,
-5.194694392810245,1.135015901986388,,
-5.182781914874436,1.214654983046787,,
-5.170869436938627,1.297467432885055,,
-5.158956959002818,1.382690451564389,,
-5.14704448106701,1.467816846952001,,
-5.135132003131201,1.54870466933719,,
-5.123219525195392,1.623044157222211,,
-5.111307047259583,1.692110985067116,,
-5.099394569323774,1.754126015058392,,
-5.087482091387966,1.80433297067683,,
-5.075569613452157,1.841787153397143,,
-5.063657135516348,1.867748828414259,,
-5.05174465758054,1.885585396467121,,
-5.039832179644731,1.89405246338873,,
-5.027919701708922,1.890587977714945,,
-5.016007223773113,1.876325269176232,,
-5.004094745837305,1.852733422650019,,
-4.992182267901496,1.824739297211478,,
-4.980269789965687,1.793976960401347,,
-4.968357312029879,1.758558605780333,,
-4.95644483409407,1.719799307318187,,
-4.944532356158261,1.680462322118658,,
-4.932619878222452,1.641320502096388,,
-4.920707400286643,1.601158014220389,,
-4.908794922350834,1.56013843662739,,
-4.896882444415026,1.518200173290956,,
-4.884969966479217,1.475124022313383,,
-4.873057488543409,1.430619502246054,,
-4.8611450106076,1.384416595738377,,
-4.849232532671791,1.336392191179086,,
-4.837320054735982,1.291543261389903,,
-4.825407576800173,1.250001405588825,,
-4.813495098864365,1.207095929360118,,
-4.801582620928556,1.163465493246927,,
-4.789670142992748,1.120122333941532,,
-4.777757665056939,1.080059706269119,,
-4.76584518712113,1.044812096715172,,
-4.753932709185321,1.014352462938962,,
-4.742020231249512,0.990334876371985,,
-4.730107753313703,0.974314269438708,,
-4.718195275377894,0.9676198270492306,,
-4.706282797442086,0.9712027935419326,,
-4.694370319506278,0.985571667476259,,
-4.682457841570469,1.010690770409847,,
-4.67054536363466,1.045947758301694,,
-4.658632885698851,1.090163235179643,,
-4.646720407763042,1.141622669146743,,
-4.634807929827233,1.198202688652621,,
-4.622895451891425,1.257416634476514,,
-4.610982973955617,1.316611202609274,,
-4.599070496019808,1.374748224784196,,
-4.587158018083999,1.429211583049715,,
-4.57524554014819,1.476242002786621,,
-4.563333062212381,1.51547943998011,,
-4.551420584276572,1.545105180179986,,
-4.539508106340763,1.564104576537693,,
-4.527595628404955,1.572015358624856,,
-4.515683150469147,1.570608827142097,,
-4.503770672533338,1.562055957831475,,
-4.491858194597529,1.543898961583482,,
-4.47994571666172,1.515677566549435,,
-4.468033238725911,1.478889681161776,,
-4.456120760790102,1.435230590417121,,
-4.444208282854294,1.386491531099748,,
-4.432295804918486,1.334419694185139,,
-4.420383326982677,1.280658452409578,,
-4.408470849046868,1.226649280974937,,
-4.396558371111059,1.173581332729152,,
-4.38464589317525,1.124022283004573,,
-4.372733415239441,1.080130653847575,,
-4.360820937303632,1.040415035314781,,
-4.348908459367824,1.003024867800991,,
-4.336995981432015,0.9675961709501891,,
-4.325083503496207,0.9336593924365708,,
-4.313171025560398,0.9006765450675873,,
-4.301258547624589,0.8681661220010974,,
-4.28934606968878,0.8357090209590697,,
-4.277433591752971,0.8030353919230812,,
-4.265521113817163,0.7700600840806067,,
-4.253608635881354,0.7385598152542497,,
-4.241696157945546,0.7088248847665888,,
-4.229783680009737,0.681309381281371,,
-4.217871202073928,0.6566219325541282,,
-4.205958724138119,0.6338566262770209,,
-4.19404624620231,0.613921520622053,,
-4.182133768266501,0.5978490970180844,,
-4.170221290330693,0.5867045550726141,,
-4.158308812394884,0.5815477734069932,,
-4.146396334459075,0.5833337193549184,,
-4.134483856523267,0.5928432257606471,,
-4.122571378587458,0.6106141071867969,,
-4.110658900651649,0.6368536832201842,,
-4.09874642271584,0.6714361473134823,,
-4.086833944780032,0.7138691221679058,,
-4.074921466844223,0.7632596970673855,,
-4.063008988908414,0.818389147971592,,
-4.051096510972606,0.877672780316338,,
-4.039184033036797,0.9393213267219382,,
-4.027271555100988,1.001338851466769,,
-4.015359077165179,1.063284481761179,,
-4.00344659922937,1.123028345667604,,
-3.991534121293562,1.176824820423229,,
-3.979621643357753,1.224478218912232,,
-3.967709165421944,1.264386581334642,,
-3.955796687486135,1.293674050700497,,
-3.943884209550327,1.311607529644305,,
-3.931971731614518,1.318001189411921,,
-3.920059253678709,1.316519803813714,,
-3.908146775742901,1.309595515815058,,
-3.896234297807092,1.295005786978617,,
-3.884321819871283,1.272529970466257,,
-3.872409341935474,1.243952401423438,,
-3.860496863999666,1.212944908526813,,
-3.848584386063857,1.181577972730532,,
-3.836671908128048,1.15020932736049,,
-3.824759430192239,1.120671822838652,,
-3.812846952256431,1.094588709300619,,
-3.800934474320622,1.073249483884942,,
-3.789021996384813,1.057523215921483,,
-3.777109518449004,1.047881447433811,,
-3.765197040513196,1.044333810923895,,
-3.753284562577387,1.04650897375159,,
-3.741372084641578,1.053672819809983,,
-3.72945960670577,1.06480291368609,,
-3.717547128769961,1.080350645921944,,
-3.705634650834152,1.098949992528493,,
-3.693722172898343,1.1175185049119,,
-3.681809694962535,1.134729412509709,,
-3.669897217026726,1.151043081514426,,
-3.657984739090917,1.167094643753787,,
-3.646072261155108,1.180369034329389,,
-3.6341597832193,1.188587352949373,,
-3.622247305283491,1.191464517480599,,
-3.610334827347682,1.189009108237853,,
-3.598422349411873,1.183226552547966,,
-3.586509871476065,1.174683737637831,,
-3.574597393540256,1.162481760323397,,
-3.562684915604447,1.147577186505459,,
-3.550772437668639,1.131079812046134,,
-3.53885995973283,1.115871636150706,,
-3.526947481797021,1.103135024936322,,
-3.515035003861212,1.093944426579738,,
-3.503122525925403,1.089276844655128,,
-3.491210047989595,1.088247483405305,,
-3.479297570053786,1.091485564670626,,
-3.467385092117977,1.099427910392537,,
-3.455472614182169,1.112331666756418,,
-3.44356013624636,1.130288698499532,,
-3.431647658310551,1.153189407725072,,
-3.419735180374742,1.180769460195752,,
-3.407822702438933,1.212620587303516,,
-3.395910224503125,1.248245000503456,,
-3.383997746567316,1.287095895433524,,
-3.372085268631507,1.331843500136579,,
-3.360172790695699,1.381730518438992,,
-3.34826031275989,1.432574305044429,,
-3.336347834824081,1.485168256181859,,
-3.324435356888272,1.538642934103899,,
-3.312522878952463,1.590479881082057,,
-3.300610401016655,1.639886749480915,,
-3.288697923080846,1.686157215964551,,
-3.276785445145037,1.730321558023718,,
-3.264872967209229,1.771785641234642,,
-3.25296048927342,1.80834938488725,,
-3.241048011337611,1.839547556088478,,
-3.229135533401802,1.865047610471348,,
-3.217223055465993,1.887933421357192,,
-3.205310577530185,1.909621564157932,,
-3.193398099594376,1.926516902962125,,
-3.181485621658567,1.936758640201123,,
-3.169573143722759,1.940212881159295,,
-3.15766066578695,1.940214754146947,,
-3.145748187851141,1.936802191281958,,
-3.133835709915332,1.926677552413898,,
-3.121923231979523,1.909967327698847,,
-3.110010754043715,1.886904017009794,,
-3.098098276107906,1.85783351279411,,
-3.086185798172097,1.823225380361251,,
-3.074273320236289,1.785267239462978,,
-3.06236084230048,1.747877604896073,,
-3.050448364364671,1.709900634040744,,
-3.038535886428862,1.668544722624201,,
-3.026623408493053,1.62448056357507,,
-3.014710930557245,1.580210578768955,,
-3.002798452621436,1.536718735023138,,
-2.990885974685627,1.493474628505188,,
-2.978973496749819,1.45179942130122,,
-2.96706101881401,1.413170119558701,,
-2.955148540878201,1.380864668946486,,
-2.943236062942392,1.356524827492483,,
-2.931323585006584,1.340100244730282,,
-2.919411107070775,1.334792484705796,,
-2.907498629134966,1.342244658519098,,
-2.895586151199157,1.361932370954157,,
-2.883673673263349,1.394406634763038,,
-2.87176119532754,1.440184406892271,,
-2.859848717391731,1.499454310935321,,
-2.847936239455922,1.571964936829748,,
-2.836023761520114,1.657056410547297,,
-2.824111283584305,1.75361212096265,,
-2.812198805648496,1.860103417282053,,
-2.800286327712688,1.974610690998134,,
-2.788373849776879,2.098138607219978,,
-2.77646137184107,2.227994699583822,,
-2.764548893905261,2.357856198342482,,
-2.752636415969453,2.484602310624948,,
-2.740723938033644,2.605182881605506,,
-2.728811460097835,2.716675246187271,,
-2.716898982162026,2.821340354688507,,
-2.704986504226218,2.918350194110493,,
-2.693074026290409,3.000482985962956,,
-2.6811615483546,3.066030501277267,,
-2.669249070418791,3.115534470699115,,
-2.657336592482983,3.146917074644069,,
-2.645424114547174,3.158860091400079,,
-2.633511636611365,3.152543210708661,,
-2.621599158675557,3.13327898040169,,
-2.609686680739748,3.105299092371018,,
-2.597774202803939,3.07161172102647,,
-2.58586172486813,3.037124570664549,,
-2.573949246932322,3.001768530846714,,
-2.562036768996513,2.965434854310498,,
-2.550124291060704,2.931193253079846,,
-2.538211813124895,2.901810776092804,,
-2.526299335189087,2.879540831569614,,
-2.514386857253278,2.867631595304926,,
-2.502474379317469,2.866840349971924,,
-2.49056190138166,2.875380686616727,,
-2.478649423445852,2.892305930399023,,
-2.466736945510043,2.915879117332639,,
-2.454824467574234,2.943782261371744,,
-2.442911989638426,2.97488439521096,,
-2.430999511702617,3.00774311812531,,
-2.419087033766808,3.039111147336165,,
-2.407174555830999,3.064163874332226,,
-2.395262077895191,3.080072467075876,,
-2.383349599959382,3.086178181831957,,
-2.371437122023573,3.082401004004881,,
-2.359524644087764,3.067596970294118,,
-2.347612166151956,3.040132879689177,,
-2.335699688216147,3.000109411555145,,
-2.323787210280338,2.945997717840999,,
-2.311874732344529,2.877428391832242,,
-2.299962254408721,2.796170763577124,,
-2.288049776472912,2.704406076254245,,
-2.276137298537103,2.606225565370942,,
-2.264224820601294,2.507405997721521,,
-2.252312342665486,2.408559075113836,,
-2.240399864729677,2.308482231390248,,
-2.228487386793868,2.209077517518682,,
-2.21657490885806,2.112060851438806,,
-2.204662430922251,2.018948542085251,,
-2.192749952986442,1.932655277334953,,
-2.180837475050633,1.855746311110086,,
-2.168924997114824,1.787076750487978,,
-2.157012519179016,1.726778808049499,,
-2.145100041243207,1.674655349177378,,
-2.133187563307398,1.628486346220282,,
-2.12127508537159,1.58747083782177,,
-2.109362607435781,1.550600261862026,,
-2.097450129499972,1.51668539917171,,
-2.085537651564163,1.485009422991569,,
-2.073625173628354,1.454268053805167,,
-2.061712695692546,1.42265915212383,,
-2.049800217756737,1.389079166837575,,
-2.037887739820928,1.352689088190674,,
-2.02597526188512,1.314584061486473,,
-2.014062783949311,1.277794329581958,,
-2.002150306013502,1.240566903748953,,
-1.990237828077693,1.201373633191269,,
-1.978325350141885,1.160596285680864,,
-1.966412872206076,1.117195482268738,,
-1.954500394270267,1.071979269659221,,
-1.942587916334458,1.025875579212857,,
-1.93067543839865,0.9798098350059291,,
-1.918762960462841,0.934643519924771,,
-1.906850482527032,0.8910595796994466,,
-1.894938004591223,0.8495329806111014,,
-1.883025526655415,0.8102719495099339,,
-1.871113048719606,0.7732266478886477,,
-1.859200570783797,0.7381404602182772,,
-1.847288092847988,0.7045762389467654,,
-1.83537561491218,0.6720165805657002,,
-1.823463136976371,0.6399055793219014,,
-1.811550659040562,0.6094009860865592,,
-1.799638181104753,0.5817110093450543,,
-1.787725703168945,0.5547922803425169,,
-1.775813225233136,0.5267065696780643,,
-1.763900747297327,0.4974021943063147,,
-1.751988269361518,0.4670456343384158,,
-1.74007579142571,0.4359960246737988,,
-1.728163313489901,0.4047594484656136,,
-1.716250835554092,0.373955319359188,,
-1.704338357618283,0.3442491815343046,,
-1.692425879682475,0.3162901860312944,,
-1.680513401746666,0.2907100148408043,,
-1.668600923810857,0.2680481977236792,,
-1.656688445875048,0.2487604594003916,,
-1.64477596793924,0.2332022562580608,,
-1.632863490003431,0.2216304606899835,,
-1.620951012067622,0.2142028875746155,,
-1.609038534131813,0.2109989633327845,,
-1.597126056196005,0.2125597013059508,,
-1.585213578260196,0.2187795467153329,,
-1.573301100324387,0.2289036758745951,,
-1.561388622388579,0.242641376357079,,
-1.54947614445277,0.2596223147590378,,
-1.537563666516961,0.2793954865553896,,
-1.525651188581152,0.3013741326574989,,
-1.513738710645344,0.3249047667600965,,
-1.501826232709535,0.349211834835694,,
-1.489913754773726,0.3734524411048717,,
-1.478001276837917,0.3967266746768124,,
-1.466088798902109,0.4181145170853579,,
-1.4541763209663,0.436718894751322,,
-1.442263843030491,0.4517133374285098,,
-1.430351365094682,0.4623902133288639,,
-1.418438887158874,0.4698519637825674,,
-1.406526409223065,0.4736839594053485,,
-1.394613931287256,0.4719835963388328,,
-1.382701453351448,0.4647425517314188,,
-1.370788975415639,0.4538486674524687,,
-1.35887649747983,0.4397070858273046,,
-1.346964019544021,0.4212086553450614,,
-1.335051541608213,0.3990740551492162,,
-1.323139063672404,0.3741463450579597,,
-1.311226585736595,0.3473301955372686,,
-1.299314107800786,0.3195567576232088,,
-1.287401629864978,0.2917235964117681,,
-1.275489151929169,0.2646490444480961,,
-1.26357667399336,0.2390356202254356,,
-1.251664196057551,0.2154443289336966,,
-1.239751718121743,0.1942805057305884,,
-1.227839240185934,0.1757907869737121,,
-1.215926762250125,0.1600699146345335,,
-1.204014284314317,0.1470754664276371,,
-1.192101806378508,0.1366482867441443,,
-1.180189328442699,0.1285363557246806,,
-1.16827685050689,0.1226945045284592,,
-1.156364372571082,0.1187487475848181,,
-1.144451894635273,0.1160203190373518,,
-1.132539416699464,0.1141068654437225,,
-1.120626938763655,0.112634024301417,,
-1.108714460827847,0.1112588971009399,,
-1.096801982892038,0.1096908736743989,,
-1.084889504956229,0.1076969358020788,,
-1.07297702702042,0.1051061848870201,,
-1.061064549084612,0.1018110354035986,,
-1.049152071148803,0.09831428358582099,,
-1.037239593212994,0.09460335220078046,,
-1.025327115277185,0.09014487509028607,,
-1.013414637341377,0.08499994588397529,,
-1.001502159405568,0.07926753513915681,,
-0.989589681469759,0.07307549249100072,,
-0.9776772035339503,0.06657069929524249,,
-0.9657647255981415,0.05990898062846527,,
-0.9538522476623328,0.0532406262044208,,
-0.9419397697265241,0.04672291837611746,,
-0.9300272917907153,0.0404771941182061,,
-0.9181148138549066,0.03461093466744909,,
-0.9062023359190978,0.0292015303056626,,
-0.8942898579832891,0.02431633511258478,,
-0.8823773800474803,0.0199775898516529,,
-0.8704649021116716,0.016192039073501,,
-0.8585524241758629,0.01294610111506596,,
-0.8466399462400541,0.01020998334815786,,
-0.8347274683042454,0.007942054975202376,,
-0.8228149903684366,0.006093110287795766,,
-0.8109025124326279,0.00461023276086628,,
-0.7989900344968192,0.003440061903597665,,
-0.7870775565610104,0.002531357271924513,,
-0.7751650786252017,0.00183683691595982,,
-0.7632526006893929,0.001314333741947653,,
-0.7513401227535842,0.0009273594406601625,,
-0.7394276448177755,0.0006451916623606053,,
-0.7275151668819667,0.0004426083600186739,,
-0.715602688946158,0.0002993875507073127,,
-0.7036902110103492,0.0001988773546220253,,
-0.6917777330745405,0.0001308513951478485,,
-0.6798652551387318,8.488059828420591e-005,,
-0.393965784679322,0.000102683594192796,,
-0.3820533067435132,0.0001628534201871382,,
-0.3701408288077045,0.0002546418364441176,,
-0.3582283508718958,0.0003925542495607392,,
-0.346315872936087,0.0005966321613159951,,
-0.3344033950002783,0.0008940271111863786,,
-0.3224909170644695,0.001320783908646636,,
-0.3105784391286608,0.001923755618044137,,
-0.2986659611928521,0.002762517797850415,,
-0.2867534832570433,0.003911085587734405,,
-0.2748410053212346,0.005459169850833294,,
-0.2629285273854258,0.00751264634604523,,
-0.2510160494496171,0.01019286647820154,,
-0.2391035715138083,0.01364269479210385,,
-0.2271910935779996,0.01799510054492885,,
-0.2152786156421909,0.02340279463198479,,
-0.2033661377063821,0.03000868505011546,,
-0.1914536597705734,0.03794026444403074,,
-0.1795411818347646,0.04729754984987099,,
-0.1676287038989559,0.05814146853261924,,
-0.1557162259631472,0.07047642129283374,,
-0.1438037480273384,0.08424477619669506,,
-0.1318912700915297,0.09931472607917107,,
-0.1199787921557209,0.1154768080135639,,
-0.1080663142199122,0.1324535202292238,,
-0.09615383628410346,0.1498799418068591,,
-0.08424135834829472,0.1673544753076984,,
-0.07232888041248597,0.184439248638354,,
-0.06041640247667723,0.200700314156807,,
-0.04850392454086849,0.2157111516700253,,
-0.03659144660505975,0.2291204923573676,,
-0.02467896866925101,0.2406613939006256,,
-0.01276649073344227,0.2501814981895807,,
-0.0008540127976335299,0.257660868361154,,
0.01105846513817521,0.2648668549701477,,
0.02297094307398395,0.2720041819448575,,
0.03488342100979269,0.2776507332849652,,
0.04679589894560143,0.2821853426300514,,
0.05870837688141017,0.2860629847317875,,
0.07062085481721891,0.289773832793871,,
0.08253333275302766,0.2938582852053242,,
0.0944458106888364,0.2988339251941298,,
0.1063582886246451,0.3051732633537522,,
0.1182707665604539,0.3132787001026753,,
0.1301832444962626,0.3234666714005591,,
0.1420957224320714,0.335962222097697,,
0.1540082003678801,0.3509205165116917,,
0.1659206783036888,0.3683863729384435,,
0.1778331562394976,0.3883952762779485,,
0.1897456341753063,0.4109287532873175,,
0.2016581121111151,0.435985468257673,,
0.2135705900469238,0.4635844320317665,,
0.2254830679827325,0.4954296392953573,,
0.2373955459185413,0.5315626652867165,,
0.24930802385435,0.5703650855374793,,
0.2612205017901588,0.6119237561698731,,
0.2731329797259675,0.6563916669968083,,
0.2850454576617763,0.7039150385345787,,
0.296957935597585,0.754961283480627,,
0.3088704135333937,0.8096644230978696,,
0.3207828914692025,0.8678104415120571,,
0.3326953694050112,0.9293843324784347,,
0.34460784734082,0.9942114432362523,,
0.3565203252766287,1.063618514735313,,
0.3684328032124374,1.137054518971034,,
0.3803452811482462,1.212068422552014,,
0.3922577590840549,1.287681894673591,,
0.4041702370198637,1.364444215290691,,
0.4160827149556724,1.441094719284308,,
0.4279951928914811,1.514655595356486,,
0.4399076708272899,1.583821665247578,,
0.4518201487630986,1.647457015482654,,
0.4637326266989074,1.704648948366628,,
0.4756451046347161,1.754762573084848,,
0.4875575825705248,1.800864988401297,,
0.4994700605063336,1.84297900872804,,
0.5113825384421423,1.879788397398737,,
0.5232950163779511,1.915331791176111,,
0.5352074943137598,1.948996780999537,,
0.5471199722495685,1.978813674560697,,
0.5590324501853773,2.006541286108874,,
0.570944928121186,2.034323764709269,,
0.5828574060569948,2.064554482243319,,
0.5947698839928035,2.099821402149806,,
0.6066823619286123,2.142700026275649,,
0.618594839864421,2.19898111745896,,
0.6305073178002297,2.270755561934862,,
0.6424197957360385,2.357946974614218,,
0.6543322736718472,2.461536931434742,,
0.666244751607656,2.580243960635027,,
0.6781572295434647,2.714015339790432,,
0.6900697074792734,2.861849717102681,,
0.7019821854150822,3.02181748257832,,
0.7138946633508909,3.191592501892686,,
0.7258071412866997,3.368282851629307,,
0.7377196192225084,3.551873108473151,,
0.7496320971583171,3.738546449228747,,
0.7615445750941259,3.922581380183059,,
0.7734570530299346,4.101524590298183,,
0.7853695309657434,4.27026763370506,,
0.7972820089015521,4.426812669104248,,
0.8091944868373608,4.569052226028123,,
0.8211069647731696,4.691083735229969,,
0.8330194427089783,4.791108815154692,,
0.8449319206447871,4.872100108251459,,
0.8568443985805958,4.935575089457867,,
0.8687568765164045,4.981555263499871,,
0.8806693544522133,5.009611967004561,,
0.892581832388022,5.02153082410435,,
0.9044943103238308,5.018056361898496,,
0.9164067882596395,4.998716297996618,,
0.9283192661954482,4.968446006225546,,
0.940231744131257,4.93080540488102,,
0.9521442220670657,4.889431641336145,,
0.9640567000028745,4.851216068492453,,
0.9759691779386832,4.819341133797754,,
0.987881655874492,4.79324405798799,,
0.9997941338103007,4.776897560416751,,
1.01170661174611,4.774170349034486,,
1.023619089681918,4.782769467408253,,
1.035531567617727,4.802500170068881,,
1.047444045553536,4.833226191056163,,
1.059356523489345,4.875910077920237,,
1.071269001425153,4.929397864976445,,
1.083181479360962,4.988803249996722,,
1.095093957296771,5.05248253642324,,
1.10700643523258,5.120305012388427,,
1.118918913168388,5.190607257000961,,
1.130831391104197,5.265083218435757,,
1.142743869040006,5.345546175457591,,
1.154656346975814,5.427233961996627,,
1.166568824911623,5.508810016892337,,
1.178481302847432,5.590858915780737,,
1.190393780783241,5.669204477352306,,
1.202306258719049,5.743170898022356,,
1.214218736654858,5.812464428963127,,
1.226131214590667,5.873634074423961,,
1.238043692526476,5.928555141606542,,
1.249956170462284,5.979287199910805,,
1.261868648398093,6.028268779732575,,
1.273781126333902,6.076055226463985,,
1.285693604269711,6.123410276178236,,
1.297606082205519,6.169201447498881,,
1.309518560141328,6.211823025712743,,
1.321431038077137,6.252065128343364,,
1.333343516012945,6.292545904819308,,
1.345255993948754,6.340948706367722,,
1.357168471884563,6.394812432056189,,
1.369080949820372,6.451509093184701,,
1.38099342775618,6.514947008671031,,
1.392905905691989,6.582147615316638,,
1.404818383627798,6.649935612873601,,
1.416730861563607,6.719906040462401,,
1.428643339499415,6.795027711035254,,
1.440555817435224,6.874593076095181,,
1.452468295371033,6.954111343909141,,
1.464380773306842,7.033814393868092,,
1.47629325124265,7.113730488555684,,
1.488205729178459,7.193687488395213,,
1.500118207114268,7.270061614937015,,
1.512030685050076,7.339333791506171,,
1.523943162985885,7.401521174239692,,
1.535855640921694,7.45539717493025,,
1.547768118857503,7.498884924492022,,
1.559680596793311,7.535387504285516,,
1.57159307472912,7.567454417484016,,
1.583505552664929,7.592799881104604,,
1.595418030600738,7.608142599294042,,
1.607330508536546,7.608754802147494,,
1.619242986472355,7.600035867561216,,
1.631155464408164,7.582407608999081,,
1.643067942343973,7.551230528968482,,
1.654980420279781,7.513410585226406,,
1.66689289821559,7.468909519105234,,
1.678805376151399,7.414133914483081,,
1.690717854087208,7.350297859749575,,
1.702630332023016,7.276867303878204,,
1.714542809958825,7.193334476178683,,
1.726455287894634,7.097688965015965,,
1.738367765830443,6.99321792699968,,
1.750280243766251,6.88019393873341,,
1.76219272170206,6.757706935353495,,
1.774105199637869,6.628525798761493,,
1.786017677573678,6.492608047334188,,
1.797930155509486,6.348707491910266,,
1.809842633445295,6.200981448746659,,
1.821755111381104,6.058838774724427,,
1.833667589316913,5.921479081546318,,
1.845580067252721,5.784638743115913,,
1.85749254518853,5.650475230103171,,
1.869405023124339,5.522461434474481,,
1.881317501060148,5.405206962692658,,
1.893229978995956,5.297652022854823,,
1.905142456931765,5.199699810314779,,
1.917054934867574,5.110594981310581,,
1.928967412803383,5.025740848043784,,
1.940879890739191,4.943637283349479,,
1.952792368675,4.864350704555585,,
1.964704846610809,4.788351640143329,,
1.976617324546617,4.714319212799448,,
1.988529802482426,4.639415152010628,,
2.000442280418235,4.569828956197673,,
2.012354758354044,4.50716397186243,,
2.024267236289853,4.445008780311276,,
2.036179714225661,4.384085399967209,,
2.04809219216147,4.323773266661749,,
2.060004670097279,4.265424505325019,,
2.071917148033087,4.212055241665452,,
2.083829625968896,4.163133305674832,,
2.095742103904705,4.117797428699211,,
2.107654581840514,4.076258744624298,,
2.119567059776323,4.039748602242253,,
2.131479537712131,4.008738706692927,,
2.14339201564794,3.979510836643773,,
2.155304493583749,3.949376908279037,,
2.167216971519557,3.916772356008564,,
2.179129449455366,3.876551399978545,,
2.191041927391175,3.823589614485507,,
2.202954405326984,3.754818143686344,,
2.214866883262793,3.667889433634636,,
2.226779361198601,3.569566678245653,,
2.23869183913441,3.464082067316981,,
2.250604317070219,3.343119964413306,,
2.262516795006027,3.204327465527884,,
2.274429272941836,3.049768942081747,,
2.286341750877645,2.884194794211792,,
2.298254228813454,2.711487950609469,,
2.310166706749262,2.53267917978535,,
2.322079184685071,2.352484752419251,,
2.33399166262088,2.17622598011409,,
2.345904140556689,2.00842316168298,,
2.357816618492497,1.8525279220914,,
2.369729096428306,1.711771759244449,,
2.381641574364115,1.588562118630672,,
2.393554052299924,1.484278465051317,,
2.405466530235732,1.39931146487037,,
2.417379008171541,1.333077411009017,,
2.42929148610735,1.284131939410471,,
2.441203964043158,1.250298758202832,,
2.453116441978967,1.228855377220212,,
2.465028919914776,1.216696391624705,,
2.476941397850585,1.210658374510704,,
2.488853875786393,1.209195517630633,,
2.500766353722202,1.21096237126235,,
2.512678831658011,1.211589886748881,,
2.52459130959382,1.207134554133072,,
2.536503787529628,1.197611922916525,,
2.548416265465437,1.18199696961779,,
2.560328743401246,1.15825104908423,,
2.572241221337055,1.126624489548241,,
2.584153699272863,1.09129620742439,,
2.596066177208672,1.053520365029081,,
2.607978655144481,1.011503161534573,,
2.619891133080289,0.9672634686381362,,
2.631803611016098,0.922701568203099,,
2.643716088951907,0.8793571591004861,,
2.655628566887716,0.8389494243955238,,
2.667541044823524,0.8029204279527877,,
2.679453522759333,0.7723917418451821,,
2.691366000695142,0.7480730623478908,,
2.703278478630951,0.7303112435887018,,
2.715190956566759,0.7190260493371133,,
2.727103434502568,0.7137621896803358,,
2.739015912438377,0.713833226925002,,
2.750928390374186,0.718349508782218,,
2.762840868309994,0.7263974735437007,,
2.774753346245803,0.7370704118730733,,
2.786665824181612,0.7496242265731887,,
2.79857830211742,0.7640901206270955,,
2.810490780053229,0.7818621646051802,,
2.822403257989038,0.8039929687105776,,
2.834315735924847,0.8289565953590968,,
2.846228213860655,0.8557063555771365,,
2.858140691796464,0.8847761438563353,,
2.870053169732273,0.9165540441114589,,
2.881965647668082,0.9517460192485018,,
2.89387812560389,0.9909955825251431,,
2.905790603539699,1.034778777856194,,
2.917703081475508,1.083309522305354,,
2.929615559411317,1.136463693411268,,
2.941528037347125,1.193728511255676,,
2.953440515282934,1.254193237528289,,
2.965352993218743,1.3165213545956,,
2.977265471154552,1.380695787030276,,
2.98917794909036,1.444674203819799,,
3.001090427026169,1.504510634447792,,
3.013002904961978,1.557851159631421,,
3.024915382897786,1.605673370090731,,
3.036827860833595,1.645716184034508,,
3.048740338769404,1.672593384846588,,
3.060652816705213,1.684696150507022,,
3.072565294641022,1.680901657293147,,
3.08447777257683,1.660733508346187,,
3.096390250512639,1.629303969551109,,
3.108302728448448,1.587221734581302,,
3.120215206384256,1.532220328400145,,
3.132127684320065,1.465840079005879,,
3.144040162255874,1.38841689733358,,
3.155952640191683,1.303998794591794,,
3.167865118127492,1.215221305863717,,
3.1797775960633,1.123177138585857,,
3.191690073999109,1.030657325890263,,
3.203602551934918,0.9403730579854228,,
3.215515029870726,0.8548362938998646,,
3.227427507806535,0.7762535884253169,,
3.239339985742344,0.706439177709607,,
3.251252463678153,0.6467593778479863,,
3.263164941613962,0.5980733600502055,,
3.27507741954977,0.5607313666882892,,
3.286989897485579,0.534606569098125,,
3.298902375421388,0.5191092821900742,,
3.310814853357196,0.5132361557740522,,
3.322727331293005,0.515665664837838,,
3.334639809228814,0.5248287970491905,,
3.346552287164623,0.5390140276192996,,
3.358464765100432,0.556433111143234,,
3.37037724303624,0.5753571470284877,,
3.382289720972049,0.5941530164314647,,
3.394202198907858,0.6113992683627204,,
3.406114676843666,0.6259199671883247,,
3.418027154779475,0.6401321823506333,,
3.429939632715284,0.6533410080557015,,
3.441852110651093,0.6617524592865189,,
3.453764588586902,0.665238136340762,,
3.46567706652271,0.6639690152932144,,
3.477589544458519,0.6584522953382658,,
3.489502022394328,0.6494509609872868,,
3.501414500330136,0.6379853295876102,,
3.513326978265945,0.6251709045712632,,
3.525239456201754,0.6138867430893937,,
3.537151934137563,0.6053033816217777,,
3.549064412073371,0.5988395170652506,,
3.56097689000918,0.5954011898337818,,
3.572889367944989,0.5958222031861372,,
3.584801845880798,0.6006709468836083,,
3.596714323816606,0.6103357144737336,,
3.608626801752415,0.6249491057036595,,
3.620539279688224,0.6444087630475065,,
3.632451757624033,0.6686763378459146,,
3.644364235559841,0.6972054028899971,,
3.65627671349565,0.7290050853625438,,
3.668189191431459,0.7632382919763847,,
3.680101669367268,0.7989988091943312,,
3.692014147303076,0.8353649003409319,,
3.703926625238885,0.8714511388710171,,
3.715839103174694,0.9081017239149588,,
3.727751581110502,0.9462119419413575,,
3.739664059046311,0.9833965851686535,,
3.75157653698212,1.017389848285627,,
3.763489014917929,1.047752573782866,,
3.775401492853737,1.074263050193662,,
3.787313970789546,1.096881466581612,,
3.799226448725355,1.115725563942656,,
3.811138926661164,1.132676277173112,,
3.823051404596972,1.147973189350632,,
3.834963882532781,1.161794049056614,,
3.84687636046859,1.1742208258727,,
3.858788838404399,1.183866147331951,,
3.870701316340207,1.190602887133207,,
3.882613794276016,1.193923032605234,,
3.894526272211825,1.193577285879286,,
3.906438750147633,1.189233711226757,,
3.918351228083442,1.182168137436016,,
3.930263706019251,1.172000866133621,,
3.94217618395506,1.156711818920937,,
3.954088661890868,1.136078880912856,,
3.966001139826677,1.11174059689762,,
3.977913617762486,1.083886849305643,,
3.989826095698295,1.051298675383745,,
4.001738573634103,1.014763061663163,,
4.013651051569912,0.9786912663513984,,
4.025563529505721,0.9444017865445232,,
4.03747600744153,0.9100790931964858,,
4.049388485377339,0.8774531211606664,,
4.061300963313147,0.8484366382574271,,
4.073213441248956,0.825038158177583,,
4.085125919184764,0.8092614154563187,,
4.097038397120573,0.8029961141543833,,
4.108950875056382,0.8079191767844942,,
4.120863352992191,0.8253546286095822,,
4.132775830928,0.8562246661488365,,
4.144688308863808,0.9009331437112675,,
4.156600786799617,0.9592875288006476,,
4.168513264735426,1.030508728066413,,
4.180425742671234,1.113175217399294,,
4.192338220607043,1.205265740496113,,
4.204250698542852,1.304193805792002,,
4.216163176478661,1.408528558416792,,
4.22807565441447,1.514765658795268,,
4.239988132350279,1.617468716530056,,
4.251900610286087,1.712811047201902,,
4.263813088221895,1.797122372320241,,
4.275725566157704,1.867081669820729,,
4.287638044093513,1.921574288053076,,
4.299550522029322,1.960101981197996,,
4.311462999965131,1.979613341551579,,
4.32337547790094,1.981188528942607,,
4.335287955836748,1.96843763641231,,
4.347200433772557,1.939095019532134,,
4.359112911708365,1.89168541050633,,
4.371025389644174,1.832161011366183,,
4.382937867579983,1.763700938992102,,
4.394850345515792,1.686552150789045,,
4.406762823451601,1.604498263880944,,
4.41867530138741,1.521305780698957,,
4.430587779323219,1.440548046313949,,
4.442500257259026,1.365370594179162,,
4.454412735194835,1.298289182708221,,
4.466325213130644,1.241092494702563,,
4.478237691066453,1.194759824025229,,
4.490150169002262,1.159503085634382,,
4.502062646938071,1.134757370798591,,
4.51397512487388,1.119353446544289,,
4.525887602809688,1.111663137233363,,
4.537800080745496,1.109789989627072,,
4.549712558681305,1.111771113120325,,
4.561625036617114,1.115771865023023,,
4.573537514552923,1.12190281189768,,
4.585449992488732,1.128986955799341,,
4.597362470424541,1.136291290495681,,
4.60927494836035,1.146852672577693,,
4.621187426296158,1.159082236791121,,
4.633099904231966,1.170073801718596,,
4.645012382167775,1.180554669913895,,
4.656924860103584,1.191497359402851,,
4.668837338039393,1.203910218372769,,
4.680749815975202,1.218715232170707,,
4.692662293911011,1.236566378727745,,
4.704574771846819,1.257736363638416,,
4.716487249782627,1.282018516046484,,
4.728399727718436,1.308704991000992,,
4.740312205654245,1.33659573149488,,
4.752224683590054,1.364075414114919,,
4.764137161525863,1.389242731211361,,
4.776049639461672,1.411692646360503,,
4.787962117397481,1.429309658724651,,
4.799874595333289,1.438510729312252,,
4.811787073269098,1.439375053984585,,
4.823699551204906,1.432421554499428,,
4.835612029140715,1.417050283340409,,
4.847524507076524,1.391627657851441,,
4.859436985012333,1.355167396742824,,
4.871349462948142,1.31238403349585,,
4.88326194088395,1.265202881943724,,
4.895174418819759,1.21268645847817,,
4.907086896755567,1.157611255798572,,
4.918999374691376,1.10298792584517,,
4.930911852627185,1.051918757586257,,
4.942824330562994,1.007395545751883,,
4.954736808498803,0.9721324548962833,,
4.966649286434612,0.9484133999627656,,
4.97856176437042,0.9379754667526868,,
4.990474242306229,0.9418990991638842,,
5.002386720242038,0.9605804674553891,,
5.014299198177846,0.9936786123331654,,
5.026211676113655,1.0401998733862,,
5.038124154049464,1.09850949638686,,
5.050036631985273,1.166469633033017,,
5.061949109921081,1.241521370838779,,
5.07386158785689,1.32083826970522,,
5.085774065792699,1.401511544937754,,
5.097686543728507,1.482284528722629,,
5.109599021664316,1.56038687838135,,
5.121511499600125,1.633301033653758,,
5.133423977535934,1.698880375714788,,
5.145336455471743,1.755442850911411,,
5.157248933407551,1.801835091311283,,
5.16916141134336,1.83746405959885,,
5.181073889279169,1.863942333526764,,
5.192986367214978,1.881691447666432,,
5.204898845150786,1.890442298993755,,
5.216811323086595,1.889735775413687,,
5.228723801022404,1.880555308284527,,
5.240636278958212,1.864702855322553,,
5.252548756894021,1.84415233283502,,
5.26446123482983,1.822487893626023,,
5.276373712765639,1.803161606296068,,
5.288286190701447,1.785990162809267,,
5.300198668637256,1.770427308242411,,
5.312111146573065,1.757235714568872,,
5.324023624508874,1.746787786080872,,
5.335936102444682,1.740718413314309,,
5.347848580380491,1.738589878863649,,
5.3597610583163,1.737872018627665,,
5.371673536252109,1.739093639161827,,
5.383586014187918,1.740891724085434,,
5.395498492123726,1.7401285400804,,
5.407410970059535,1.735380094202326,,
5.419323447995343,1.725413523633037,,
5.431235925931152,1.709300848408619,,
5.443148403866961,1.688167801792657,,
5.45506088180277,1.663515145085422,,
5.466973359738579,1.637219502569139,,
5.478885837674387,1.608153301137544,,
5.490798315610196,1.574448502746725,,
5.502710793546005,1.53734570548041,,
5.514623271481813,1.497880630076842,,
5.526535749417622,1.459497307346324,,
5.538448227353431,1.423985260621584,,
5.55036070528924,1.39134415495737,,
5.562273183225049,1.363031985455072,,
5.574185661160858,1.340180787512786,,
5.586098139096666,1.323510802775162,,
5.598010617032474,1.31331711497896,,
5.609923094968283,1.309390299846462,,
5.621835572904092,1.311136563041603,,
5.633748050839901,1.317568635785015,,
5.64566052877571,1.327465817756027,,
5.657573006711519,1.339458294274282,,
5.669485484647327,1.353813742335637,,
5.681397962583136,1.370834498417856,,
5.693310440518944,1.387614951408837,,
5.705222918454753,1.401504992023636,,
5.717135396390562,1.415198207919138,,
5.729047874326371,1.428362218363701,,
5.74096035226218,1.437698331435984,,
5.752872830197989,1.443620293596007,,
5.764785308133797,1.446874534016751,,
5.776697786069605,1.448510658433898,,
5.788610264005414,1.449753870230119,,
5.800522741941223,1.453513269443915,,
5.812435219877032,1.462572181283337,,
5.824347697812841,1.476091959906479,,
5.83626017574865,1.492904110191443,,
5.848172653684459,1.51316038454167,,
5.860085131620267,1.536630403221392,,
5.871997609556075,1.562735047411083,,
5.883910087491884,1.590547566721226,,
5.895822565427693,1.618852090553761,,
5.907735043363502,1.647864874266039,,
5.919647521299311,1.675986775154816,,
5.93155999923512,1.699896528307214,,
5.943472477170928,1.718083078466519,,
5.955384955106737,1.73254078718922,,
5.967297433042545,1.742211253870911,,
5.979209910978354,1.743061730658836,,
5.991122388914163,1.736524745885324,,
6.003034866849972,1.724515374336157,,
6.014947344785781,1.706070834825117,,
6.02685982272159,1.682310074136751,,
6.038772300657398,1.654719544574971,,
6.050684778593206,1.623419252738297,,
6.062597256529015,1.592033438763626,,
6.074509734464824,1.5625456722358,,
6.086422212400633,1.535707996898275,,
6.098334690336442,1.51315435724181,,
6.110247168272251,1.495643096889957,,
6.122159646208059,1.484094315814086,,
6.134072124143868,1.478984046614503,,
6.145984602079677,1.48034391160204,,
6.157897080015485,1.487765688016273,,
6.169809557951294,1.500445381557707,,
6.181722035887103,1.518920037522152,,
6.193634513822912,1.541839043969924,,
6.205546991758721,1.56600825774488,,
6.217459469694529,1.591574947782431,,
6.229371947630338,1.617117843310614,,
6.241284425566146,1.639711654026099,,
6.253196903501955,1.660040301038112,,
6.265109381437764,1.679040164748166,,
6.277021859373573,1.694567358555009,,
6.288934337309382,1.704695543429088,,
6.30084681524519,1.711349206265542,,
6.312759293180999,1.716252482638923,,
6.324671771116808,1.717556732151732,,
6.336584249052617,1.713653348089247,,
6.348496726988425,1.704569115814145,,
6.360409204924234,1.690295235724426,,
6.372321682860043,1.670708687171173,,
6.384234160795852,1.645670384743933,,
6.39614663873166,1.614984996198637,,
6.408059116667469,1.580108227159022,,
6.419971594603278,1.542514114212867,,
6.431884072539086,1.500431665719824,,
6.443796550474895,1.452220910230729,,
6.455709028410704,1.399867511211579,,
6.467621506346513,1.344021255234516,,
6.479533984282321,1.285664143991459,,
6.49144646221813,1.227713505666664,,
6.503358940153939,1.1700535744731,,
6.515271418089748,1.112791356015872,,
6.527183896025557,1.057878705163549,,
6.539096373961365,1.0073888115037,,
6.551008851897174,0.9633871640347106,,
6.562921329832983,0.9278076804653784,,
6.574833807768791,0.9023218500910781,,
6.5867462857046,0.8882419009083579,,
6.598658763640409,0.8864340891455744,,
6.610571241576218,0.8972624605331798,,
6.622483719512026,0.9205638094971166,,
6.634396197447835,0.9556577297372199,,
6.646308675383644,1.001371240232315,,
6.658221153319452,1.056138546432324,,
6.670133631255261,1.118056320727459,,
6.68204610919107,1.184987486503697,,
6.693958587126879,1.256382053133316,,
6.705871065062688,1.329948808939349,,
6.717783542998497,1.401837267546841,,
6.729696020934305,1.470098348895995,,
6.741608498870114,1.534764281908422,,
6.753520976805922,1.594539738963084,,
6.765433454741731,1.650145807573643,,
6.77734593267754,1.70098487314939,,
6.789258410613349,1.743430287416947,,
6.801170888549158,1.777547253700704,,
6.813083366484966,1.803729915288941,,
6.824995844420775,1.825904315010572,,
6.836908322356583,1.844701566290122,,
6.848820800292392,1.857366049453391,,
6.860733278228201,1.866047956019942,,
6.87264575616401,1.871086294941067,,
6.884558234099819,1.870987177382175,,
6.896470712035628,1.866043179430296,,
6.908383189971437,1.856137862480698,,
6.920295667907245,1.840802986263458,,
6.932208145843053,1.819851203680945,,
6.944120623778862,1.79479066824961,,
6.956033101714671,1.765514847466568,,
6.96794557965048,1.730417062540785,,
6.979858057586289,1.693012288958224,,
6.991770535522098,1.656947748374392,,
7.003683013457906,1.619218980129954,,
7.015595491393714,1.576936691483378,,
7.027507969329523,1.530695207305026,,
7.039420447265332,1.481247196360681,,
7.051332925201141,1.429468168805465,,
7.06324540313695,1.37624933780674,,
7.075157881072759,1.322478502132611,,
7.087070359008568,1.268978776427708,,
7.098982836944376,1.21700373058993,,
7.110895314880184,1.167140833694128,,
7.122807792815993,1.119317181904399,,
7.134720270751802,1.07554680694902,,
7.146632748687611,1.03613116276228,,
7.15854522662342,1.001310024738814,,
7.170457704559229,0.97134587909559,,
7.182370182495037,0.9448977942979249,,
7.194282660430845,0.9224208341553792,,
7.206195138366654,0.9045557127971918,,
7.218107616302463,0.892117409725137,,
7.230020094238272,0.8860179259022889,,
7.241932572174081,0.8889235130727846,,
7.25384505010989,0.9017342559881763,,
7.265757528045699,0.923571595321423,,
7.277670005981507,0.9549877283534027,,
7.289582483917316,0.9963015305197884,,
7.301494961853124,1.047530126429724,,
7.313407439788933,1.108550312548372,,
7.325319917724742,1.17855952822805,,
7.337232395660551,1.256079184102749,,
7.34914487359636,1.339506354424973,,
7.361057351532168,1.426919215414037,,
7.372969829467977,1.516157125664201,,
7.384882307403785,1.604881807019462,,
7.396794785339594,1.690723401176021,,
7.408707263275403,1.774672731703312,,
7.420619741211212,1.854431413833979,,
7.432532219147021,1.926206811668289,,
7.44444469708283,1.988120603086062,,
7.456357175018638,2.038704223187315,,
7.468269652954447,2.076916565780537,,
7.480182130890256,2.102129799577785,,
7.492094608826064,2.11585482348742,,
7.504007086761873,2.116674111496367,,
7.515919564697682,2.105222548317755,,
7.527832042633491,2.082490695798296,,
7.539744520569299,2.048116840015879,,
7.551656998505108,2.005329459930214,,
7.563569476440917,1.955860610397694,,
7.575481954376725,1.899880079724911,,
7.587394432312534,1.842572988157482,,
7.599306910248343,1.78570620671228,,
7.611219388184152,1.727597141772618,,
7.623131866119961,1.669765317234085,,
7.635044344055769,1.613657314912415,,
7.646956821991578,1.562223039555236,,
7.658869299927387,1.516555148928499,,
7.670781777863196,1.475878310832185,,
7.682694255799004,1.440843173786544,,
7.694606733734813,1.411934820760189,,
7.706519211670622,1.389407467011669,,
7.71843168960643,1.37329617469443,,
7.730344167542239,1.366656839795312,,
7.742256645478048,1.368853225814472,,
7.754169123413857,1.375552824229601,,
7.766081601349665,1.385478559834005,,
7.777994079285474,1.397152614948927,,
7.789906557221283,1.408952810362161,,
7.801819035157092,1.419173967910327,,
7.8137315130929,1.42611267150627,,
7.825643991028709,1.428155540453518,,
7.837556468964518,1.425519977411345,,
7.849468946900327,1.416982281973833,,
7.861381424836136,1.399963856699058,,
7.873293902771944,1.377251500569675,,
7.885206380707753,1.348713173948766,,
7.897118858643561,1.312893055159082,,
7.90903133657937,1.270723248153756,,
7.920943814515179,1.221577160695908,,
7.932856292450988,1.168278352990459,,
7.944768770386797,1.112449580671105,,
7.956681248322605,1.054244543787001,,
7.968593726258414,0.9954916310535253,,
7.980506204194223,0.9379488292686792,,
7.992418682130031,0.8832005637340034,,
8.00433116006584,0.8325150725828167,,
8.016243638001649,0.7867914329963082,,
8.028156115937458,0.7465311240604604,,
8.040068593873267,0.7118062663025506,,
8.051981071809076,0.682282496058655,,
8.063893549744885,0.6573541473871075,,
8.075806027680693,0.6361426020067765,,
8.087718505616502,0.6176719706322563,,
8.099630983552309,0.6009396289665034,,
8.111543461488118,0.5850573697978334,,
8.123455939423927,0.5693474023995619,,
8.135368417359736,0.556678687259722,,
8.147280895295545,0.546812921539802,,
8.159193373231354,0.53641965290036,,
8.171105851167162,0.5258030936789582,,
8.183018329102971,0.5155764224471586,,
8.19493080703878,0.5065915060608122,,
8.206843284974589,0.4998976801807338,,
8.218755762910398,0.4965794989185986,,
8.230668240846207,0.4976786056288182,,
8.242580718782016,0.5041100348441403,,
8.254493196717824,0.5165573717695113,,
8.266405674653633,0.5353934604395306,,
8.278318152589442,0.5606128036407698,,
8.290230630525251,0.5918628867750274,,
8.302143108461058,0.6284063676081493,,
8.314055586396867,0.669195431063392,,
8.325968064332676,0.7129033673003485,,
8.337880542268485,0.757998158479292,,
8.349793020204293,0.8029077466835306,,
8.361705498140102,0.8460231498572564,,
8.373617976075911,0.8858767409712191,,
8.38553045401172,0.9211825011966514,,
8.397442931947529,0.9542366378136952,,
8.409355409883338,0.9842081763503159,,
8.421267887819147,1.008862591447402,,
8.433180365754955,1.027938933699019,,
8.445092843690764,1.039867372212977,,
8.457005321626573,1.045123967002582,,
8.468917799562382,1.044553259093507,,
8.480830277498189,1.039326374278826,,
8.492742755433998,1.030855346661537,,
8.504655233369807,1.022369085888816,,
8.516567711305616,1.015476495257383,,
8.528480189241424,1.010062046370801,,
8.540392667177233,1.007569843534957,,
8.552305145113042,1.010922342038083,,
8.564217623048851,1.021090710182421,,
8.57613010098466,1.037008678309651,,
8.588042578920469,1.05893247770568,,
8.599955056856278,1.086761330489031,,
8.611867534792086,1.120020473032539,,
8.623780012727895,1.157903365623199,,
8.635692490663704,1.199294135431404,,
8.647604968599513,1.242863423765944,,
8.659517446535322,1.287129619095866,,
8.671429924471131,1.330558938088326,,
8.683342402406938,1.373306157156369,,
8.695254880342747,1.413952448681247,,
8.707167358278555,1.449590912275985,,
8.719079836214364,1.480913249350276,,
8.730992314150173,1.510544872617763,,
8.742904792085982,1.536346987766162,,
8.754817270021791,1.555068643197912,,
8.7667297479576,1.566861053888074,,
8.778642225893409,1.571952796569181,,
8.790554703829217,1.572803932142473,,
8.802467181765026,1.570397412585164,,
8.814379659700835,1.564162005605849,,
8.826292137636644,1.55525830045515,,
8.838204615572453,1.544854544794898,,
8.850117093508262,1.534053551158092,,
8.862029571444069,1.527111152175098,,
8.873942049379878,1.524695930337671,,
8.885854527315686,1.523778933041785,,
8.897767005251495,1.52441714426754,,
8.909679483187304,1.526409039715909,,
8.921591961123113,1.529323356944139,,
8.933504439058922,1.532505715585525,,
8.945416916994731,1.536765566995733,,
8.95732939493054,1.542647137462567,,
8.969241872866348,1.547155099344434,,
8.981154350802157,1.54720208185089,,
8.993066828737966,1.541360155655238,,
9.004979306673775,1.52833256357178,,
9.016891784609584,1.507026144511164,,
9.028804262545393,1.478298220968122,,
9.040716740481201,1.441623849996741,,
9.05262921841701,1.395176507595549,,
9.064541696352817,1.343061377895653,,
9.076454174288626,1.285830074995327,,
9.088366652224435,1.222120424547364,,
9.100279130160244,1.153117249927867,,
9.112191608096053,1.078664266466029,,
9.124104086031862,1.000571476284425,,
9.136016563967671,0.921132205920896,,
9.147929041903479,0.8425054678235739,,
9.159841519839288,0.7665866381929021,,
9.171753997775097,0.6954800346385788,,
9.183666475710906,0.6311117357329263,,
9.195578953646715,0.5751703783705762,,
9.207491431582524,0.5290313932432836,,
9.219403909518332,0.4936784028318089,,
9.231316387454141,0.469701645067051,,
9.243228865389948,0.4572632844651485,,
9.255141343325757,0.4560981543332275,,
9.267053821261566,0.4655522586195493,,
9.278966299197375,0.4845830084937753,,
9.290878777133184,0.5118408189570212,,
9.302791255068993,0.5457333859935861,,
9.314703733004802,0.5844874685855972,,
9.32661621094061,0.6262663165121696,,
9.338528688876419,0.6692939083896669,,
9.350441166812228,0.7121750357392093,,
9.362353644748037,0.7534612631834385,,
9.374266122683846,0.7917739730455438,,
9.386178600619655,0.8263564025073407,,
9.398091078555463,0.8569149874183765,,
9.410003556491272,0.8868885281945321,,
9.421916034427081,0.9183098902319721,,
9.43382851236289,0.9484442257734951,,
9.445740990298697,0.9763919159799636,,
9.457653468234506,1.003092604994991,,
9.469565946170315,1.02955808470093,,
9.481478424106124,1.056753523633065,,
9.493390902041933,1.085479566751433,,
9.505303379977741,1.11630676894164,,
9.51721585791355,1.149446365295797,,
9.529128335849359,1.18478115938406,,
9.541040813785168,1.221869402977401,,
9.552953291720977,1.259956115505684,,
9.564865769656786,1.298102536335893,,
9.576778247592594,1.335261509407464,,
9.588690725528403,1.372059298370284,,
9.600603203464212,1.407568390436876,,
9.612515681400021,1.441019732120555,,
9.624428159335828,1.471918573423626,,
9.636340637271637,1.500075343777713,,
9.648253115207446,1.527264642757539,,
9.660165593143255,1.553831568048979,,
9.672078071079064,1.578631712294107,,
9.683990549014872,1.600674578025316,,
9.695903026950681,1.620716305852108,,
9.70781550488649,1.639544972644481,,
9.719727982822299,1.657861637123076,,
9.731640460758108,1.676221699446368,,
9.743552938693917,1.694927300919302,,
9.755465416629725,1.714361057108091,,
9.767377894565534,1.736015154593908,,
9.779290372501343,1.759216113072588,,
9.791202850437152,1.781734097381259,,
9.803115328372961,1.802961972341828,,
9.81502780630877,1.823998004447216,,
9.826940284244577,1.84435577034125,,
9.838852762180386,1.865303116954324,,
9.850765240116195,1.886529807830552,,
9.862677718052003,1.904506189623503,,
9.874590195987812,1.922468273053017,,
9.886502673923621,1.940404872800025,,
9.89841515185943,1.954950674732991,,
9.910327629795239,1.966094210570082,,
9.922240107731048,1.973821775603941,,
9.934152585666856,1.978108805056156,,
9.946065063602665,1.978878100730531,,
9.957977541538474,1.976002507201549,,
9.969890019474283,1.970967536316735,,
9.981802497410092,1.963537858092616,,
9.993714975345901,1.953454801197279,,
10.00562745328171,1.940455893864585,,
10.01753993121752,1.924353604412459,,
10.02945240915333,1.906692659800152,,
10.04136488708913,1.887406844629175,,
10.05327736502494,1.86482436218045,,
10.06518984296075,1.83902274760001,,
10.07710232089656,1.810125725178071,,
10.08901479883237,1.77668758693002,,
10.10092727676818,1.738958648443183,,
10.11283975470399,1.697255681897517,,
10.1247522326398,1.651910426783064,,
10.13666471057561,1.60327827830364,,
10.14857718851141,1.553341939344084,,
10.16048966644722,1.502424110483895,,
10.17240214438303,1.449156885195545,,
10.18431462231884,1.393944304618073,,
10.19622710025465,1.340536118282983,,
10.20813957819046,1.289433554342123,,
10.22005205612627,1.239487153281401,,
10.23196453406207,1.191280451006296,,
10.24387701199788,1.14384427930642,,
10.25578948993369,1.097967977942212,,
10.2677019678695,1.054541942179408,,
10.27961444580531,1.014497017666721,,
10.29152692374112,0.9787728755088575,,
10.30343940167693,0.9482204689308398,,
10.31535187961274,0.9236255496895595,,
10.32726435754855,0.9061497107687592,,
10.33917683548435,0.8962028918531633,,
10.35108931342016,0.8934951791811967,,
10.36300179135597,0.8980681769137224,,
10.37491426929178,0.9114641090719926,,
10.38682674722759,0.9333629867413927,,
10.3987392251634,0.9616061220174363,,
10.41065170309921,0.9955857964496326,,
10.42256418103501,1.034619424811212,,
10.43447665897082,1.077958282610621,,
10.44638913690663,1.124813918706676,,
10.45830161484244,1.175962004351913,,
10.47021409277825,1.230419500587075,,
10.48212657071406,1.285390048850842,,
10.49403904864987,1.339687468005925,,
10.50595152658568,1.392010670357897,,
10.51786400452149,1.442686385597804,,
10.52977648245729,1.491910430587782,,
10.5416889603931,1.536480744868418,,
10.55360143832891,1.573148755916742,,
10.56551391626472,1.60047202760782,,
10.57742639420053,1.61721501376249,,
10.58933887213634,1.622428959759577,,
10.60125135007215,1.617165351461819,,
10.61316382800795,1.601159427769557,,
10.62507630594376,1.57453416043337,,
10.63698878387957,1.537780218657764,,
10.64890126181538,1.495069966991314,,
10.66081373975119,1.4474825628324,,
10.672726217687,1.391357103069379,,
10.68463869562281,1.328254790097969,,
10.69655117355862,1.260023099277154,,
10.70846365149443,1.188658057930196,,
10.72037612943023,1.116246529302549,,
10.73228860736604,1.044836052207391,,
10.74420108530185,0.9763808833482088,,
10.75611356323766,0.9126407410990938,,
10.76802604117347,0.8551186252920089,,
10.77993851910928,0.8050087675916188,,
10.79185099704509,0.7648053108736217,,
10.80376347498089,0.7349245651722731,,
10.8156759529167,0.7136906857004706,,
10.82758843085251,0.7007235217274072,,
10.83950090878832,0.6953111631936521,,
10.85141338672413,0.6964686581501518,,
10.86332586465994,0.7029497276719531,,
10.87523834259575,0.7133311665755893,,
10.88715082053156,0.7260704388023469,,
10.89906329846737,0.7395870874563473,,
10.91097577640317,0.7523216140614616,,
10.92288825433898,0.7628182666439171,,
10.93480073227479,0.7698446819744121,,
10.9467132102106,0.7723790523486508,,
10.95862568814641,0.773040762631116,,
10.97053816608222,0.7713131626544312,,
10.98245064401803,0.76363606636197,,
10.99436312195383,0.7501123296564436,,
11.00627559988964,0.7328364642750335,,
11.01818807782545,0.7124879982567817,,
11.03010055576126,0.6882657041493328,,
11.04201303369707,0.6612125484722412,,
11.05392551163288,0.6324753847301211,,
11.06583798956869,0.603233757416089,,
11.0777504675045,0.57465788481003,,
11.0896629454403,0.5478184242259527,,
11.10157542337611,0.5237024619097536,,
11.11348790131192,0.5031406508593268,,
11.12540037924773,0.4869002676818504,,
11.13731285718354,0.4755843470595727,,
11.14922533511935,0.4697354992403495,,
11.16113781305516,0.4698416470903836,,
11.17305029099097,0.4763248511512359,,
11.18496276892677,0.4912368330080246,,
11.19687524686258,0.5148365711922711,,
11.20878772479839,0.5456088239153207,,
11.2207002027342,0.5835819891570456,,
11.23261268067001,0.6286142474583194,,
11.24452515860582,0.6803786985381358,,
11.25643763654163,0.7382879528014575,,
11.26835011447744,0.8014802503467003,,
11.28026259241324,0.8687696584956133,,
11.29217507034905,0.9386481719001307,,
11.30408754828486,1.009344140769997,,
11.31600002622067,1.078862122638453,,
11.32791250415648,1.145076878267574,,
11.33982498209229,1.205853629707878,,
11.3517374600281,1.259147259835955,,
11.3636499379639,1.304815659232804,,
11.37556241589971,1.343005445475745,,
11.38747489383552,1.370911245350518,,
11.39938737177133,1.387848643047406,,
11.41129984970714,1.393700009365776,,
11.42321232764295,1.390548269523597,,
11.43512480557876,1.37933683335641,,
11.44703728351457,1.358091786778343,,
11.45894976145038,1.328613065158287,,
11.47086223938618,1.293036185737001,,
11.48277471732199,1.255354256173782,,
11.4946871952578,1.217878743954081,,
11.50659967319361,1.181062784235845,,
11.51851215112942,1.146797731880283,,
11.53042462906523,1.116618031002077,,
11.54233710700104,1.091636456537041,,
11.55424958493684,1.072505499002194,,
11.56616206287265,1.059415358769287,,
11.57807454080846,1.052126176989329,,
11.58998701874427,1.050029274818715,,
11.60189949668008,1.052246528771309,,
11.61381197461589,1.05767150017022,,
11.6257244525517,1.066787569354652,,
11.63763693048751,1.078357191965459,,
11.64954940842332,1.091177940716332,,
11.66146188635912,1.104124072554757,,
11.67337436429493,1.114593778886168,,
11.68528684223074,1.123543972995573,,
11.69719932016655,1.130497599975467,,
11.70911179810236,1.133543174754215,,
11.72102427603817,1.132684236569596,,
11.73293675397398,1.128164228797402,,
11.74484923190978,1.122075038006619,,
11.75676170984559,1.114957844757834,,
11.7686741877814,1.105734627636087,,
11.78058666571721,1.095071699539989,,
11.79249914365302,1.083678163141639,,
11.80441162158883,1.073926805423246,,
11.81632409952464,1.066462831471826,,
11.82823657746045,1.060186836453834,,
11.84014905539626,1.055593443774478,,
11.85206153333206,1.054779619813605,,
11.86397401126787,1.058034102181902,,
11.87588648920368,1.063874170781536,,
11.88779896713949,1.072351082290936,,
11.8997114450753,1.083467510311108,,
11.91162392301111,1.097091170772993,,
11.92353640094692,1.11300249878389,,
11.93544887888272,1.130871769870541,,
11.94736135681853,1.150250094226742,,
11.95927383475434,1.173884127742071,,
11.97118631269015,1.200959328119869,,
11.98309879062596,1.227150174681418,,
11.99501126856177,1.25137876123183,,
12.00692374649758,1.272567426484728,,
12.01883622443339,1.2896889564354,,
12.0307487023692,1.301817643687915,,
12.042661180305,1.308177700020418,,
12.05457365824081,1.308185240039119,,
12.06648613617662,1.30477388766729,,
12.07839861411243,1.297686739754659,,
12.09031109204824,1.283484287427242,,
12.10222356998405,1.262297217886136,,
12.11413604791986,1.237772314178782,,
12.12604852585566,1.210363224701665,,
12.13796100379147,1.177250090032986,,
12.14987348172728,1.139050782191776,,
12.16178595966309,1.096494825891174,,
12.1736984375989,1.050339634537289,,
12.18561091553471,1.001352055909691,,
12.19752339347052,0.9502608887205845,,
12.20943587140633,0.8977227714841231,,
12.22134834934214,0.8459727747134304,,
12.23326082727794,0.7954199983878973,,
12.24517330521375,0.744685400522509,,
12.25708578314956,0.6939801506796369,,
12.26899826108537,0.6434810325425814,,
12.28091073902118,0.5933781423527875,,
12.29282321695699,0.5455080702955214,,
12.3047356948928,0.5000327981810727,,
12.3166481728286,0.4554375096278899,,
12.32856065076441,0.4119212403770868,,
12.34047312870022,0.3697109586811715,,
12.35238560663603,0.3290775604793888,,
12.36429808457184,0.2903103311293231,,
12.37621056250765,0.2536963580100102,,
12.38812304044346,0.2194993839897738,,
12.40003551837927,0.1879406082224058,,
12.41194799631508,0.1591834166920456,,
12.42386047425088,0.133313756420994,,
12.43577295218669,0.1103782888045203,,
12.4476854301225,0.09031421115844467,,
12.45959790805831,0.07301029147796256,,
12.47151038599412,0.05830050636152998,,
12.48342286392993,0.04597660581284491,,
12.49533534186574,0.03580171852497706,,
12.50724781980154,0.02752377359089156,,
12.51916029773735,0.02088774344527493,,
12.53107277567316,0.01563642294902211,,
12.54298525360897,0.01156092912757475,,
12.55489773154478,0.008434839010381676,,
12.56681020948059,0.00607234476269122,,
12.5787226874164,0.004303639837295144,,
12.59063516535221,0.003017159634294532,,
12.60254764328801,0.002086609038231275,,
12.61446012122382,0.001423467502839432,,
12.62637259915963,0.0009578596754507617,,
12.63828507709544,0.0006357541183885392,,
12.65019755503125,0.0004161936199240277,,
12.66211003296706,0.000268724613019151,,
12.67402251090287,0.0001711247954581038,,
12.68593498883868,0.000102683594192796,,
12.69784746677448,6.383256426438311e-005,,
14.28220703223705,0,,
