0,-12.34837886
0.00884884,-12.34385878
0.017697679,-12.33033417
0.026546519,-12.30792614
0.035395357,-12.27680122
0.044244198,-12.23724621
0.053093036,-12.18961785
0.061941876,-12.13437602
0.070790715,-12.07209733
0.079639555,-12.00346505
0.088488394,-11.92936355
0.097337234,-11.85079204
0.106482175,-11.84687769
0.115627112,-11.83519638
0.124772053,-11.815888
0.133916994,-11.78922466
0.143061935,-11.75558458
0.152206872,-11.71547283
0.161351813,-11.66947008
0.170496754,-11.61832765
0.179641695,-11.56293071
0.188786632,-11.50427004
0.197931573,-11.44342049
0.207076514,-11.38165201
0.216221452,-11.32029306
0.225366392,-11.26071973
0.234511333,-11.20434345
0.243656274,-11.15244971
0.252801212,-11.106189
0.261946152,-11.06656487
0.271091093,-11.03428102
0.280236031,-11.00970342
0.289380972,-10.99276597
0.298525912,-10.98311708
0.307670853,-10.98009689
0.316519694,-10.98023703
0.325368532,-10.98069962
0.334217372,-10.98142454
0.343066211,-10.98231925
0.351915051,-10.98337205
0.360763889,-10.98445153
0.36961273,-10.9855076
0.378461568,-10.9863868
0.387310408,-10.98710165
0.396159247,-10.98759771
0.405008087,-10.9877286
0.414153028,-11.01687934
0.423297969,-11.05564848
0.432442909,-11.10424311
0.441587847,-11.1623416
0.450732788,-11.22918826
0.459877729,-11.30363153
0.469022666,-11.38420934
0.478167607,-11.4692909
0.487312548,-11.55714448
0.496457489,-11.6460838
0.505602426,-11.73448243
0.514747367,-11.82083122
0.523892308,-11.90375057
0.533037246,-11.98204588
0.542182186,-12.05465021
0.551327127,-12.12065713
0.560472068,-12.17929195
0.569617006,-12.22993315
0.578761946,-12.27204821
0.587906887,-12.30521317
0.597051828,-12.32911973
0.606196766,-12.34355401
0.615341706,-12.34837886
0.624449419,-12.34359292
0.633557132,-12.32927837
0.642664845,-12.30556011
0.651772558,-12.27266128
0.660880271,-12.23088228
0.669987984,-12.18064925
0.679095697,-12.12246859
0.68820341,-12.05701896
0.697311123,-11.98503777
0.706418836,-11.90746955
0.715526549,-11.82542723
0.724634262,-11.74016906
0.733741975,-11.65321155
0.742849688,-11.56624996
0.751957401,-11.48126091
0.761065114,-11.40055331
0.770172827,-11.32702897
0.77928054,-11.26467844
0.788388253,-11.22007952
0.797495966,-11.203135
0.806344807,-11.20188545
0.815193645,-11.19817763
0.824042485,-11.19210432
0.832891324,-11.18385301
0.841740164,-11.17356684
0.850589002,-11.16153559
0.859437843,-11.14805399
0.868286681,-11.13350814
0.877135521,-11.11814405
0.88598436,-11.10240825
0.8948332,-11.08664034
0.904393818,-11.08481609
0.913954436,-11.07945899
0.923515055,-11.07086209
0.933075673,-11.05946052
0.942636291,-11.04597211
0.952196909,-11.03127062
0.961757527,-11.01639742
0.971318145,-11.00250737
0.980878764,-10.99093818
0.990439382,-10.9830164
1,-10.98009689
0,1e+308
0,-11.18061186
0.00884884,-11.18889582
0.017697679,-11.21327967
0.026546519,-11.25274516
0.035395357,-11.30533986
0.044244198,-11.36891436
0.053093036,-11.4410599
0.061941876,-11.51934515
0.070790715,-11.60147237
0.079639555,-11.685312
0.088488394,-11.7689715
0.097337234,-11.85079068
0.106482175,-11.84687633
0.115627112,-11.83519448
0.124772053,-11.81588692
0.133916994,-11.7892233
0.143061935,-11.75558322
0.152206872,-11.71547174
0.161351813,-11.66946872
0.170496754,-11.61832656
0.179641695,-11.56292962
0.188786632,-11.5042695
0.197931573,-11.44341968
0.207076514,-11.38165092
0.216221452,-11.32029225
0.225366392,-11.26071918
0.234511333,-11.20434291
0.243656274,-11.15244944
0.252801212,-11.10618818
0.261946152,-11.0665646
0.271091093,-11.03428074
0.280236031,-11.00970315
0.289380972,-10.9927657
0.298525912,-10.98311708
0.307670853,-10.98009662
0.316519694,-10.98023703
0.325368532,-10.98069935
0.334217372,-10.98142372
0.343066211,-10.98231897
0.351915051,-10.98337178
0.360763889,-10.98445126
0.36961273,-10.98550706
0.378461568,-10.98638626
0.387310408,-10.9871011
0.396159247,-10.98759744
0.405008087,-10.98772805
0.414153028,-10.96439565
0.423297969,-10.94393949
0.432442909,-10.92725973
0.441587847,-10.9148859
0.450732788,-10.90737175
0.459877729,-10.90498803
0.469022666,-10.90777611
0.478167607,-10.91561816
0.487312548,-10.92812859
0.496457489,-10.94480019
0.505602426,-10.96486314
0.514747367,-10.98755145
0.523892308,-11.01198346
0.533037246,-11.03723508
0.542182186,-11.0625014
0.551327127,-11.08684388
0.560472068,-11.10961546
0.569617006,-11.13006808
0.578761946,-11.14762078
0.587906887,-11.16176009
0.597051828,-11.17212708
0.606196766,-11.17847767
0.615341706,-11.18061186
0.624449419,-11.17849482
0.633557132,-11.17219729
0.642664845,-11.16191002
0.651772558,-11.14788827
0.660880271,-11.13049013
0.669987984,-11.1102239
0.679095697,-11.08775655
0.68820341,-11.06384455
0.697311123,-11.039289
0.706418836,-11.01509536
0.715526549,-10.99239807
0.724634262,-10.97236641
0.733741975,-10.95617618
0.742849688,-10.94506877
0.751957401,-10.94006704
0.761065114,-10.94191034
0.770172827,-10.95058315
0.77928054,-10.9645347
0.788388253,-10.97924708
0.797495966,-10.98608612
0.806344807,-10.9870075
0.815193645,-10.98972918
0.824042485,-10.99431212
0.832891324,-11.00070462
0.841740164,-11.00880817
0.850589002,-11.01857651
0.859437843,-11.0298823
0.868286681,-11.04259436
0.877135521,-11.05641503
0.88598436,-11.07119244
0.8948332,-11.0866398
0.904393818,-11.08481582
0.913954436,-11.07945899
0.923515055,-11.07086182
0.933075673,-11.05946025
0.942636291,-11.04597211
0.952196909,-11.03127008
0.961757527,-11.01639715
0.971318145,-11.0025071
0.980878764,-10.99093791
0.990439382,-10.98301613
1,-10.98009662
0,1e+308
0,-5.443838891
0.00884884,-5.425065486
0.017697679,-5.369158066
0.026546519,-5.27757108
0.035395357,-5.152041431
0.044244198,-4.995148213
0.053093036,-4.809633518
0.061941876,-4.598367874
0.070790715,-4.36425637
0.079639555,-4.110155655
0.088488394,-3.83890034
0.097337234,-3.553277959
0.106482175,-3.556267401
0.115627112,-3.565713833
0.124772053,-3.582997143
0.133916994,-3.610276827
0.143061935,-3.650160552
0.152206872,-3.705057341
0.161351813,-3.776203408
0.170496754,-3.863035476
0.179641695,-3.962793224
0.188786632,-4.070956297
0.197931573,-4.182000782
0.207076514,-4.290584542
0.216221452,-4.391560544
0.225366392,-4.480337682
0.234511333,-4.552970851
0.243656274,-4.606179174
0.252801212,-4.6373158
0.261946152,-4.644406542
0.271091093,-4.626163486
0.280236031,-4.581983628
0.289380972,-4.512028604
0.298525912,-4.417345235
0.307670853,-4.315003222
0.316519694,-4.437382609
0.325368532,-4.551156941
0.334217372,-4.655171093
0.343066211,-4.748590221
0.351915051,-4.830739755
0.360763889,-4.901065671
0.36961273,-4.959136124
0.378461568,-5.004607434
0.387310408,-5.037267353
0.396159247,-5.056950435
0.405008087,-5.063509467
0.414153028,-5.061219084
0.423297969,-5.049106481
0.432442909,-5.020315749
0.441587847,-4.969916458
0.450732788,-4.894854401
0.459877729,-4.793689552
0.469022666,-4.666113879
0.478167607,-4.512655282
0.487312548,-4.334403849
0.496457489,-4.348953776
0.505602426,-4.498827818
0.514747367,-4.640981717
0.523892308,-4.774056267
0.533037246,-4.896949133
0.542182186,-5.008792817
0.551327127,-5.108798188
0.560472068,-5.196507824
0.569617006,-5.271415865
0.578761946,-5.333153324
0.587906887,-5.381431216
0.597051828,-5.416050082
0.606196766,-5.436885022
0.615341706,-5.443838891
0.624449419,-5.436941622
0.633557132,-5.416276209
0.642664845,-5.381934626
0.651772558,-5.334045041
0.660880271,-5.272800108
0.669987984,-5.198475207
0.679095697,-5.111471163
0.68820341,-5.012168389
0.697311123,-4.901127169
0.706418836,-4.778989146
0.715526549,-4.646626447
0.724634262,-4.505000176
0.733741975,-4.428919597
0.742849688,-4.638417044
0.751957401,-4.82282995
0.761065114,-4.978768321
0.770172827,-5.103292237
0.77928054,-5.19407295
0.788388253,-5.249281309
0.797495966,-5.267818248
0.806344807,-5.26920113
0.815193645,-5.272798747
0.824042485,-5.277202093
0.832891324,-5.280307184
0.841740164,-5.279724589
0.850589002,-5.273138617
0.859437843,-5.258434674
0.868286681,-5.233895721
0.877135521,-5.19807901
0.88598436,-5.150085204
0.8948332,-5.089347219
0.904393818,-5.082472536
0.913954436,-5.061884947
0.923515055,-5.027676973
0.933075673,-4.979971336
0.942636291,-4.919030082
0.952196909,-4.845141108
0.961757527,-4.758694352
0.971318145,-4.660128735
0.980878764,-4.550101955
0.990439382,-4.429544642
1,-4.315003222
0,1e+308
0,-2.588398765
0.00884884,-2.583674325
0.017697679,-2.569412023
0.026546519,-2.546051594
0.035395357,-2.512961463
0.044244198,-2.470789534
0.053093036,-2.419456619
0.061941876,-2.359083267
0.070790715,-2.643245214
0.079639555,-2.951768423
0.088488394,-3.256466528
0.097337234,-3.553274965
0.106482175,-3.556264408
0.115627112,-3.56571084
0.124772053,-3.582994422
0.133916994,-3.610274378
0.143061935,-3.650159191
0.152206872,-3.705056525
0.161351813,-3.776203136
0.170496754,-3.863035204
0.179641695,-3.96279268
0.188786632,-4.07095548
0.197931573,-4.181999966
0.207076514,-4.290583998
0.216221452,-4.39156
0.225366392,-4.48033741
0.234511333,-4.552970579
0.243656274,-4.606178902
0.252801212,-4.637315528
0.261946152,-4.64440627
0.271091093,-4.626162942
0.280236031,-4.581983084
0.289380972,-4.51202806
0.298525912,-4.41734469
0.307670853,-4.315001861
0.316519694,-4.273050887
0.325368532,-4.254240202
0.334217372,-4.22347855
0.343066211,-4.181681593
0.351915051,-4.130348951
0.360763889,-4.071587056
0.36961273,-4.00853937
0.378461568,-3.945746653
0.387310408,-3.889986991
0.396159247,-3.850310889
0.405008087,-3.835644498
0.414153028,-3.855540373
0.423297969,-3.88000123
0.432442909,-3.902483003
0.441587847,-3.917000548
0.450732788,-3.919293107
0.459877729,-3.906540492
0.469022666,-3.877160906
0.478167607,-4.033245673
0.487312548,-4.19304942
0.496457489,-4.132852126
0.505602426,-3.909682318
0.514747367,-3.66696086
0.523892308,-3.406936227
0.533037246,-3.265561661
0.542182186,-3.148623734
0.551327127,-3.034663005
0.560472068,-2.927560632
0.569617006,-2.83067695
0.578761946,-2.747056097
0.587906887,-2.679181927
0.597051828,-2.629090668
0.606196766,-2.598709431
0.615341706,-2.588398765
0.624449419,-2.598639497
0.633557132,-2.629117335
0.642664845,-2.67964833
0.651772558,-2.749687982
0.660880271,-2.839115473
0.669987984,-2.949153137
0.679095697,-3.0838952
0.68820341,-3.252481149
0.697311123,-3.462114926
0.706418836,-3.702761789
0.715526549,-3.953541898
0.724634262,-4.198675374
0.733741975,-4.35530709
0.742849688,-4.199021775
0.751957401,-4.037899092
0.761065114,-3.874037583
0.770172827,-3.903486831
0.77928054,-3.947698526
0.788388253,-3.97456759
0.797495966,-3.983590613
0.806344807,-4.016090256
0.815193645,-4.101239573
0.824042485,-4.216306718
0.832891324,-4.344068517
0.841740164,-4.474313082
0.850589002,-4.601063162
0.859437843,-4.720573381
0.868286681,-4.830478526
0.877135521,-4.929160608
0.88598436,-5.015649269
0.8948332,-5.089346131
0.904393818,-5.082471447
0.913954436,-5.061883859
0.923515055,-5.027675884
0.933075673,-4.979970247
0.942636291,-4.919028994
0.952196909,-4.845140019
0.961757527,-4.758693264
0.971318145,-4.660127919
0.980878764,-4.550101139
0.990439382,-4.429544098
1,-4.315001861
0,1e+308
0,-2.588398493
0.00884884,-2.583674053
0.017697679,-2.569411751
0.026546519,-2.546051322
0.035395357,-2.512961463
0.044244198,-2.470789261
0.053093036,-2.419456619
0.061941876,-2.359082995
0.070790715,-2.289756553
0.079639555,-2.211675121
0.088488394,-2.125249591
0.097337234,-2.0305635
0.106482175,-2.042157454
0.115627112,-2.075634259
0.124772053,-2.126616691
0.133916994,-2.189273622
0.143061935,-2.256652273
0.152206872,-2.322137011
0.161351813,-2.380140524
0.170496754,-2.428013783
0.179641695,-2.46692715
0.188786632,-2.506891692
0.197931573,-2.577672582
0.207076514,-2.685259317
0.216221452,-2.812322328
0.225366392,-2.951556174
0.234511333,-3.099253305
0.243656274,-3.252549722
0.252801212,-3.408833677
0.261946152,-3.565767167
0.271091093,-3.721339816
0.280236031,-3.873646555
0.289380972,-4.021056606
0.298525912,-4.161873882
0.307670853,-4.279393589
0.316519694,-4.273050887
0.325368532,-4.25423993
0.334217372,-4.223478278
0.343066211,-4.181681593
0.351915051,-4.130348678
0.360763889,-4.071586784
0.36961273,-4.008539097
0.378461568,-3.945746109
0.387310408,-3.889986447
0.396159247,-3.850310345
0.405008087,-3.835643681
0.414153028,-3.803663503
0.423297969,-3.743729343
0.432442909,-3.663362427
0.441587847,-3.568861646
0.450732788,-3.559318069
0.459877729,-3.71293422
0.469022666,-3.87213333
0.478167607,-3.830702911
0.487312548,-3.767530868
0.496457489,-3.688862486
0.505602426,-3.596554943
0.514747367,-3.493138624
0.523892308,-3.381650865
0.533037246,-3.132430512
0.542182186,-2.84833088
0.551327127,-2.645366341
0.560472068,-2.619142731
0.569617006,-2.605516358
0.578761946,-2.597391039
0.587906887,-2.592547413
0.597051828,-2.589946821
0.606196766,-2.588750336
0.615341706,-2.588398493
0.624449419,-2.588732921
0.633557132,-2.589731307
0.642664845,-2.591338411
0.651772558,-2.593541173
0.660880271,-2.596367075
0.669987984,-2.599720334
0.679095697,-2.603381081
0.68820341,-2.798106285
0.697311123,-3.010928148
0.706418836,-3.182857831
0.715526549,-3.328355194
0.724634262,-3.457154563
0.733741975,-3.572948251
0.742849688,-3.676356951
0.751957401,-3.766684866
0.761065114,-3.842799731
0.770172827,-3.710224238
0.77928054,-3.550493962
0.788388253,-3.404612647
0.797495966,-3.323575786
0.806344807,-3.312958721
0.815193645,-3.281824272
0.824042485,-3.23218826
0.832891324,-3.167094005
0.841740164,-3.090172594
0.850589002,-3.005506007
0.859437843,-2.917188469
0.868286681,-2.829405907
0.877135521,-2.746348601
0.88598436,-2.672108872
0.8948332,-2.610871286
0.904393818,-2.643223717
0.913954436,-2.730730355
0.923515055,-2.861269348
0.933075673,-3.024261725
0.942636291,-3.209009604
0.952196909,-3.405384634
0.961757527,-3.60446638
0.971318145,-3.798777699
0.980878764,-3.982023237
0.990439382,-4.148846705
1,-4.279393589
0,1e+308
0,-1.192311936
0.00884884,-1.204825635
0.017697679,-1.250504023
0.026546519,-1.351447099
0.035395357,-1.525215456
0.044244198,-1.762024153
0.053093036,-2.038700792
0.061941876,-2.336238494
0.070790715,-2.289756553
0.079639555,-2.211674577
0.088488394,-2.125249319
0.097337234,-2.030563228
0.106482175,-2.042148203
0.115627112,-2.075626096
0.124772053,-2.126609888
0.133916994,-2.189268724
0.143061935,-2.256648735
0.152206872,-2.322135379
0.161351813,-2.38013998
0.170496754,-2.428012422
0.179641695,-2.466925517
0.188786632,-2.506889787
0.197931573,-2.57767095
0.207076514,-2.685257685
0.216221452,-2.812321512
0.225366392,-2.951555358
0.234511333,-3.099253033
0.243656274,-3.252549178
0.252801212,-3.408833132
0.261946152,-3.565766623
0.271091093,-3.721339272
0.280236031,-3.873646011
0.289380972,-4.02105579
0.298525912,-4.161873338
0.307670853,-4.279393317
0.316519694,-4.185314312
0.325368532,-4.05004326
0.334217372,-3.91128262
0.343066211,-3.771784823
0.351915051,-3.634875646
0.360763889,-3.504672713
0.36961273,-3.386142648
0.378461568,-3.284789769
0.387310408,-3.206691466
0.396159247,-3.157222803
0.405008087,-3.140244805
0.414153028,-3.127991247
0.423297969,-3.176010903
0.432442909,-3.286473337
0.441587847,-3.415629175
0.450732788,-3.465489138
0.459877729,-3.35766267
0.469022666,-3.249239185
0.478167607,-3.14357439
0.487312548,-3.043669428
0.496457489,-2.952064755
0.505602426,-2.870398495
0.514747367,-2.800230406
0.523892308,-2.741752326
0.533037246,-2.694421934
0.542182186,-2.655611155
0.551327127,-2.536794554
0.560472068,-2.246105141
0.569617006,-1.953154189
0.578761946,-1.676183395
0.587906887,-1.438580398
0.597051828,-1.279106997
0.606196766,-1.209468713
0.615341706,-1.192311936
0.624449419,-1.209325581
0.633557132,-1.278833523
0.642664845,-1.440666151
0.651772558,-1.683190054
0.660880271,-1.96446705
0.669987984,-2.257077859
0.679095697,-2.541516273
0.68820341,-2.607584151
0.697311123,-2.61183076
0.706418836,-2.616002537
0.715526549,-2.620143837
0.724634262,-2.623674787
0.733741975,-2.62646994
0.742849688,-2.628594605
0.751957401,-2.629826192
0.761065114,-2.634777031
0.770172827,-2.761219622
0.77928054,-2.891247041
0.788388253,-3.018009638
0.797495966,-3.092438214
0.806344807,-3.062484195
0.815193645,-2.985607411
0.824042485,-2.886351713
0.832891324,-2.784219228
0.841740164,-2.692056177
0.850589002,-2.618289382
0.859437843,-2.567981248
0.868286681,-2.551111007
0.877135521,-2.542846365
0.88598436,-2.566555916
0.8948332,-2.610867477
0.904393818,-2.64322154
0.913954436,-2.730729539
0.923515055,-2.861269076
0.933075673,-3.024261725
0.942636291,-3.209009331
0.952196909,-3.405384362
0.961757527,-3.604465836
0.971318145,-3.798777155
0.980878764,-3.982022693
0.990439382,-4.148846161
1,-4.279393317
0,1e+308
0,-0.651633448
0.00884884,-0.715383461
0.017697679,-0.866561472
0.026546519,-1.017126138
0.035395357,-1.164221353
0.044244198,-1.306832404
0.053093036,-1.444054784
0.061941876,-1.575191883
0.070790715,-1.699869272
0.079639555,-1.817529661
0.088488394,-1.927888692
0.097337234,-2.030553704
0.106482175,-2.033423689
0.115627112,-2.042246436
0.124772053,-2.057447531
0.133916994,-2.079836513
0.143061935,-2.110519525
0.152206872,-2.150796454
0.161351813,-2.201581875
0.170496754,-2.263691041
0.179641695,-2.336155772
0.188786632,-2.410232777
0.197931573,-2.458274474
0.207076514,-2.476308274
0.216221452,-2.48249832
0.225366392,-2.484078757
0.234511333,-2.483561741
0.243656274,-2.482396277
0.252801212,-2.481234895
0.261946152,-2.480321681
0.271091093,-2.479886843
0.280236031,-2.479801944
0.289380972,-2.479952151
0.298525912,-2.480108888
0.307670853,-2.480258823
0.316519694,-2.488362101
0.325368532,-2.512976702
0.334217372,-2.55284546
0.343066211,-2.606246168
0.351915051,-2.67109416
0.360763889,-2.744005157
0.36961273,-2.820767381
0.378461568,-2.895516779
0.387310408,-2.960723961
0.396159247,-3.006556639
0.405008087,-3.023228237
0.414153028,-3.087731189
0.423297969,-3.093635515
0.432442909,-3.041502314
0.441587847,-2.975597704
0.450732788,-2.898992489
0.459877729,-2.81356099
0.469022666,-2.720723369
0.478167607,-2.621271477
0.487312548,-2.515706004
0.496457489,-2.404307498
0.505602426,-2.287052558
0.514747367,-2.163903089
0.523892308,-2.034844939
0.533037246,-1.899875661
0.542182186,-1.759483154
0.551327127,-1.614136543
0.560472068,-1.465624159
0.569617006,-1.315649164
0.578761946,-1.166664935
0.587906887,-1.021203219
0.597051828,-0.885594746
0.606196766,-0.756075908
0.615341706,-0.651633448
0.624449419,-0.758056896
0.633557132,-0.893242505
0.642664845,-0.994385585
0.651772558,-1.119105151
0.660880271,-1.244438878
0.669987984,-1.387853753
0.679095697,-1.526596162
0.68820341,-1.660828284
0.697311123,-1.790430661
0.706418836,-1.915826158
0.715526549,-2.037853974
0.724634262,-2.157231674
0.733741975,-2.274996555
0.742849688,-2.392922527
0.751957401,-2.512351656
0.761065114,-2.630083339
0.770172827,-2.629585099
0.77928054,-2.628680865
0.788388253,-2.62780874
0.797495966,-2.627468598
0.806344807,-2.626084627
0.815193645,-2.622030675
0.824042485,-2.615927434
0.832891324,-2.607263601
0.841740164,-2.5961785
0.850589002,-2.583080028
0.859437843,-2.567686005
0.868286681,-2.542609082
0.877135521,-2.532599919
0.88598436,-2.512956021
0.8948332,-2.492375508
0.904393818,-2.488343053
0.913954436,-2.482726079
0.923515055,-2.479454182
0.933075673,-2.478115382
0.942636291,-2.477764355
0.952196909,-2.478122729
0.961757527,-2.478651719
0.971318145,-2.47919513
0.980878764,-2.479676771
0.990439382,-2.480102902
1,-2.480258823
0,1e+308
0,-0.65162991
0.00884884,-0.715383189
0.017697679,-0.866561199
0.026546519,-1.017125594
0.035395357,-1.16422108
0.044244198,-1.306831859
0.053093036,-1.444054512
0.061941876,-1.575191611
0.070790715,-1.699869
0.079639555,-1.817529389
0.088488394,-1.92788842
0.097337234,-2.030553432
0.106482175,-2.033414165
0.115627112,-2.042237184
0.124772053,-2.057438551
0.133916994,-2.079828349
0.143061935,-2.110511905
0.152206872,-2.150789651
0.161351813,-2.201575889
0.170496754,-2.263686143
0.179641695,-2.336151418
0.188786632,-2.410228695
0.197931573,-2.458270937
0.207076514,-2.476305281
0.216221452,-2.482495871
0.225366392,-2.48407658
0.234511333,-2.483560108
0.243656274,-2.482395189
0.252801212,-2.481234079
0.261946152,-2.480320865
0.271091093,-2.479886571
0.280236031,-2.479801944
0.289380972,-2.479951606
0.298525912,-2.480108616
0.307670853,-2.480258551
0.316519694,-2.488362101
0.325368532,-2.51297643
0.334217372,-2.552844916
0.343066211,-2.606245351
0.351915051,-2.671093071
0.360763889,-2.744003796
0.36961273,-2.82076602
0.378461568,-2.895515146
0.387310408,-2.960722057
0.396159247,-3.006554734
0.405008087,-3.023226332
0.414153028,-2.968419341
0.423297969,-2.908751852
0.432442909,-2.844257063
0.441587847,-2.774794565
0.450732788,-2.700413609
0.459877729,-2.62090494
0.469022666,-2.536313456
0.478167607,-2.446310989
0.487312548,-2.35092339
0.496457489,-2.250197461
0.505602426,-2.143947076
0.514747367,-2.032187748
0.523892308,-1.914754574
0.533037246,-1.791921845
0.542182186,-1.663673778
0.551327127,-1.530017721
0.560472068,-1.391202114
0.569617006,-1.247423423
0.578761946,-1.099040565
0.587906887,-0.969213422
0.597051828,-0.881558209
0.606196766,-0.750891051
0.615341706,-0.65162991
0.624449419,-0.747639563
0.633557132,-0.86978983
0.642664845,-0.983456949
0.651772558,-1.09661467
0.660880271,-1.242441291
0.669987984,-1.363039965
0.679095697,-1.479755847
0.68820341,-1.591721982
0.697311123,-1.69805645
0.706418836,-1.79798182
0.715526549,-1.891000396
0.724634262,-1.976342642
0.733741975,-2.05358297
0.742849688,-2.122420695
0.751957401,-2.182306147
0.761065114,-2.232700541
0.770172827,-2.273035158
0.77928054,-2.30265094
0.788388253,-2.320816171
0.797495966,-2.326949889
0.806344807,-2.328878631
0.815193645,-2.334585947
0.824042485,-2.34384462
0.832891324,-2.356301175
0.841740164,-2.371536285
0.850589002,-2.389006809
0.859437843,-2.408204168
0.868286681,-2.428725905
0.877135521,-2.449835408
0.88598436,-2.471194711
0.8948332,-2.492371426
0.904393818,-2.488340332
0.913954436,-2.482725263
0.923515055,-2.47945391
0.933075673,-2.478114566
0.942636291,-2.477763267
0.952196909,-2.478121641
0.961757527,-2.478650902
0.971318145,-2.479194586
0.980878764,-2.479676227
0.990439382,-2.48010263
1,-2.480258551
0,1e+308
0,-0.596138008
0.00884884,-0.649302793
0.017697679,-0.642210418
0.026546519,-0.63128532
0.035395357,-0.679888932
0.044244198,-0.688995222
0.053093036,-0.665721598
0.061941876,-0.620146612
0.070790715,-0.559416519
0.079639555,-0.486957775
0.088488394,-0.446870237
0.097337234,-0.411355028
0.106482175,-0.413656022
0.115627112,-0.420578598
0.124772053,-0.43095185
0.133916994,-0.444299305
0.143061935,-0.459810066
0.152206872,-0.476747519
0.161351813,-0.493890691
0.170496754,-0.510703788
0.179641695,-0.52673347
0.188786632,-0.540732094
0.197931573,-0.551248205
0.207076514,-0.558043432
0.216221452,-0.560240207
0.225366392,-0.55769295
0.234511333,-0.550071041
0.243656274,-0.537807959
0.252801212,-0.52143106
0.261946152,-0.501631785
0.271091093,-0.479540768
0.280236031,-0.456101699
0.289380972,-0.432880592
0.298525912,-0.4133069
0.307670853,-0.404935046
0.316519694,-0.401739341
0.325368532,-0.393618376
0.334217372,-0.409698126
0.343066211,-0.443162958
0.351915051,-0.473640524
0.360763889,-0.50031285
0.36961273,-0.523016395
0.378461568,-0.541051828
0.387310408,-0.554229757
0.396159247,-0.562414669
0.405008087,-0.564960566
0.414153028,-0.570777815
0.423297969,-0.587129952
0.432442909,-0.612457763
0.441587847,-0.644334811
0.450732788,-0.680914257
0.459877729,-0.720358518
0.469022666,-0.760695312
0.478167607,-0.8004906
0.487312548,-0.83877239
0.496457489,-0.874335492
0.505602426,-0.906588328
0.514747367,-0.934965991
0.523892308,-0.959186027
0.533037246,-0.979376874
0.542182186,-0.995156211
0.551327127,-1.006735743
0.560472068,-1.013624577
0.569617006,-1.013936419
0.578761946,-1.003543576
0.587906887,-0.946727568
0.597051828,-0.791419413
0.606196766,-0.636214118
0.615341706,-0.596138008
0.624449419,-0.635592065
0.633557132,-0.790150546
0.642664845,-0.944783586
0.651772558,-1.024176335
0.660880271,-1.043378592
0.669987984,-1.054827237
0.679095697,-1.064007814
0.68820341,-1.073522002
0.697311123,-1.084288458
0.706418836,-1.096959167
0.715526549,-1.112164071
0.724634262,-1.129041388
0.733741975,-1.147828671
0.742849688,-1.167547672
0.751957401,-1.186990206
0.761065114,-1.205012577
0.770172827,-1.220484425
0.77928054,-1.232320289
0.788388253,-1.239819746
0.797495966,-1.24236782
0.806344807,-1.236322267
0.815193645,-1.218285746
0.824042485,-1.188691461
0.832891324,-1.148390042
0.841740164,-1.098357015
0.850589002,-1.039857983
0.859437843,-0.974564813
0.868286681,-0.90463183
0.877135521,-0.831943694
0.88598436,-0.758650649
0.8948332,-0.68762023
0.904393818,-0.681102016
0.913954436,-0.662877736
0.923515055,-0.635866356
0.933075673,-0.603290521
0.942636291,-0.568072732
0.952196909,-0.532823922
0.961757527,-0.498563702
0.971318145,-0.466295083
0.980878764,-0.43717863
0.990439382,-0.414502568
1,-0.404935046
0,1e+308
0,-0.596135287
0.00884884,-0.649299528
0.017697679,-0.642207153
0.026546519,-0.631281782
0.035395357,-0.614884747
0.044244198,-0.59497962
0.053093036,-0.571274151
0.061941876,-0.544138143
0.070790715,-0.513932147
0.079639555,-0.481210458
0.088488394,-0.446866699
0.097337234,-0.411351218
0.106482175,-0.4136416
0.115627112,-0.42056472
0.124772053,-0.430938516
0.133916994,-0.444286788
0.143061935,-0.459798637
0.152206872,-0.476737179
0.161351813,-0.493881983
0.170496754,-0.510696713
0.179641695,-0.526727484
0.188786632,-0.540727468
0.197931573,-0.551244668
0.207076514,-0.558040983
0.216221452,-0.560238574
0.225366392,-0.557692133
0.234511333,-0.550071041
0.243656274,-0.537807415
0.252801212,-0.521430244
0.261946152,-0.501630697
0.271091093,-0.479539407
0.280236031,-0.456100338
0.289380972,-0.432880048
0.298525912,-0.413306628
0.307670853,-0.404934774
0.316519694,-0.401739069
0.325368532,-0.393618104
0.334217372,-0.380364255
0.343066211,-0.362420797
0.351915051,-0.341285443
0.360763889,-0.317618342
0.36961273,-0.292247537
0.378461568,-0.266036172
0.387310408,-0.239861814
0.396159247,-0.21465074
0.405008087,-0.195807945
0.414153028,-0.206202693
0.423297969,-0.21507823
0.432442909,-0.222473468
0.441587847,-0.22817779
0.450732788,-0.231964526
0.459877729,-0.234030687
0.469022666,-0.233770546
0.478167607,-0.231377305
0.487312548,-0.227097498
0.496457489,-0.24392148
0.505602426,-0.267803279
0.514747367,-0.296419858
0.523892308,-0.327385596
0.533037246,-0.358667803
0.542182186,-0.388918698
0.551327127,-0.417085201
0.560472068,-0.442432332
0.569617006,-0.464934241
0.578761946,-0.483878807
0.587906887,-0.498995546
0.597051828,-0.509655878
0.606196766,-0.521347793
0.615341706,-0.596135287
0.624449419,-0.523159255
0.633557132,-0.509961734
0.642664845,-0.498872551
0.651772558,-0.484402082
0.660880271,-0.465931811
0.669987984,-0.444184473
0.679095697,-0.41970348
0.68820341,-0.393378916
0.697311123,-0.366174335
0.706418836,-0.337898714
0.715526549,-0.31091509
0.724634262,-0.286046335
0.733741975,-0.264246207
0.742849688,-0.274715787
0.751957401,-0.295745832
0.761065114,-0.317900796
0.770172827,-0.340119435
0.77928054,-0.359408497
0.788388253,-0.373108068
0.797495966,-0.378071152
0.806344807,-0.378837696
0.815193645,-0.38145271
0.824042485,-0.38670614
0.832891324,-0.396010528
0.841740164,-0.411228495
0.850589002,-0.434158167
0.859437843,-0.466160659
0.868286681,-0.508567151
0.877135521,-0.560573274
0.88598436,-0.620776828
0.8948332,-0.687609346
0.904393818,-0.681091403
0.913954436,-0.662867396
0.923515055,-0.63585656
0.933075673,-0.603281541
0.942636291,-0.568064296
0.952196909,-0.532816303
0.961757527,-0.498556899
0.971318145,-0.466289368
0.980878764,-0.437174549
0.990439382,-0.414500663
1,-0.404934774
0,1e+308
0,-0.518726521
0.00884884,-0.45650606
0.017697679,-0.539367715
0.026546519,-0.627220483
0.035395357,-0.614881209
0.044244198,-0.594976354
0.053093036,-0.571270614
0.061941876,-0.544134606
0.070790715,-0.513928609
0.079639555,-0.481206649
0.088488394,-0.405423762
0.097337234,-0.411340605
0.106482175,-0.410779779
0.115627112,-0.409660575
0.124772053,-0.408600419
0.133916994,-0.407755506
0.143061935,-0.406874673
0.152206872,-0.405398728
0.161351813,-0.401889004
0.170496754,-0.395492152
0.179641695,-0.385463668
0.188786632,-0.37088653
0.197931573,-0.351085895
0.207076514,-0.32638449
0.216221452,-0.297472395
0.225366392,-0.265527319
0.234511333,-0.233320198
0.243656274,-0.205310704
0.252801212,-0.190001308
0.261946152,-0.195566852
0.271091093,-0.216371043
0.280236031,-0.242341043
0.289380972,-0.268723568
0.298525912,-0.290133212
0.307670853,-0.299344538
0.316519694,-0.33681815
0.325368532,-0.373979648
0.334217372,-0.380364255
0.343066211,-0.362420797
0.351915051,-0.341285443
0.360763889,-0.31761807
0.36961273,-0.292247265
0.378461568,-0.266035628
0.387310408,-0.239861542
0.396159247,-0.214650467
0.405008087,-0.195805496
0.414153028,-0.195436782
0.423297969,-0.204682121
0.432442909,-0.2133416
0.441587847,-0.217348204
0.450732788,-0.217721
0.459877729,-0.216527237
0.469022666,-0.215776474
0.478167607,-0.218372713
0.487312548,-0.226990558
0.496457489,-0.220989903
0.505602426,-0.213531535
0.514747367,-0.204880764
0.523892308,-0.19521256
0.533037246,-0.219024425
0.542182186,-0.246645612
0.551327127,-0.274978649
0.560472068,-0.303994419
0.569617006,-0.333819728
0.578761946,-0.366405632
0.587906887,-0.404299388
0.597051828,-0.453286137
0.606196766,-0.516502534
0.615341706,-0.518726521
0.624449419,-0.516523487
0.633557132,-0.460146126
0.642664845,-0.419008501
0.651772558,-0.390759548
0.660880271,-0.368922413
0.669987984,-0.349563146
0.679095697,-0.330225104
0.68820341,-0.310106096
0.697311123,-0.288417807
0.706418836,-0.265723513
0.715526549,-0.2432314
0.724634262,-0.237769531
0.733741975,-0.255417474
0.742849688,-0.246566699
0.751957401,-0.232821685
0.761065114,-0.222816331
0.770172827,-0.216067092
0.77928054,-0.211686059
0.788388253,-0.209185605
0.797495966,-0.208418516
0.806344807,-0.201439341
0.815193645,-0.18075107
0.824042485,-0.147078888
0.832891324,-0.134199196
0.841740164,-0.125168826
0.850589002,-0.114444276
0.859437843,-0.102245957
0.868286681,-0.089245174
0.877135521,-0.074919741
0.88598436,-0.062083588
0.8948332,-0.05376017
0.904393818,-0.054212695
0.913954436,-0.061586164
0.923515055,-0.080502157
0.933075673,-0.105947793
0.942636291,-0.136015012
0.952196909,-0.168667039
0.961757527,-0.201893499
0.971318145,-0.234598861
0.980878764,-0.264826354
0.990439382,-0.289039587
1,-0.299344538
0,1e+308
0,-0.518721623
0.00884884,-0.406682561
0.017697679,-0.289165031
0.026546519,-0.227105118
0.035395357,-0.214911969
0.044244198,-0.225779651
0.053093036,-0.247298685
0.061941876,-0.274692657
0.070790715,-0.306225752
0.079639555,-0.340027461
0.088488394,-0.375464573
0.097337234,-0.411336796
0.106482175,-0.410765357
0.115627112,-0.409646425
0.124772053,-0.408586813
0.133916994,-0.407742444
0.143061935,-0.406862156
0.152206872,-0.405386483
0.161351813,-0.401877575
0.170496754,-0.395481539
0.179641695,-0.385453328
0.188786632,-0.370876734
0.197931573,-0.351076643
0.207076514,-0.326375782
0.216221452,-0.297463959
0.225366392,-0.265519428
0.234511333,-0.233313667
0.243656274,-0.205305806
0.252801212,-0.18999777
0.261946152,-0.19556277
0.271091093,-0.216365329
0.280236031,-0.242333424
0.289380972,-0.268714316
0.298525912,-0.2901226
0.307670853,-0.299332837
0.316519694,-0.262178414
0.325368532,-0.226658307
0.334217372,-0.194046008
0.343066211,-0.165087382
0.351915051,-0.141025172
0.360763889,-0.122613677
0.36961273,-0.110685295
0.378461568,-0.111474153
0.387310408,-0.136444407
0.396159247,-0.160923224
0.405008087,-0.178586949
0.414153028,-0.176386909
0.423297969,-0.16961971
0.432442909,-0.159497075
0.441587847,-0.147457943
0.450732788,-0.135653917
0.459877729,-0.12592884
0.469022666,-0.119835395
0.478167607,-0.118666394
0.487312548,-0.123110829
0.496457489,-0.133632655
0.505602426,-0.149282466
0.514747367,-0.169544878
0.523892308,-0.192949389
0.533037246,-0.185412108
0.542182186,-0.175445667
0.551327127,-0.165961411
0.560472068,-0.157710648
0.569617006,-0.151640604
0.578761946,-0.22308137
0.587906887,-0.307743876
0.597051828,-0.402389965
0.606196766,-0.506097718
0.615341706,-0.518721623
0.624449419,-0.505251171
0.633557132,-0.398615202
0.642664845,-0.30028714
0.651772558,-0.213163637
0.660880271,-0.152268099
0.669987984,-0.158875023
0.679095697,-0.168190296
0.68820341,-0.179680574
0.697311123,-0.192503122
0.706418836,-0.206284872
0.715526549,-0.22160216
0.724634262,-0.22133957
0.733741975,-0.201640705
0.742849688,-0.185101626
0.751957401,-0.172104381
0.761065114,-0.162937954
0.770172827,-0.157167781
0.77928054,-0.15370486
0.788388253,-0.151625638
0.797495966,-0.151120051
0.806344807,-0.150044657
0.815193645,-0.146823373
0.824042485,-0.141380552
0.832891324,-0.103866395
0.841740164,-0.098680994
0.850589002,-0.092550269
0.859437843,-0.085520208
0.868286681,-0.078429194
0.877135521,-0.070381699
0.88598436,-0.059625855
0.8948332,-0.05374221
0.904393818,-0.054197729
0.913954436,-0.06157664
0.923515055,-0.080489639
0.933075673,-0.105936093
0.942636291,-0.136004127
0.952196909,-0.168656971
0.961757527,-0.201883703
0.971318145,-0.234589609
0.980878764,-0.264816558
0.990439382,-0.289028702
1,-0.299332837
0,1e+308
0,-0.422909797
0.00884884,-0.406680112
0.017697679,-0.289161766
0.026546519,-0.227101036
0.035395357,-0.214907887
0.044244198,-0.225775569
0.053093036,-0.247294604
0.061941876,-0.274688575
0.070790715,-0.306221943
0.079639555,-0.340023379
0.088488394,-0.375460764
0.097337234,-0.31674268
0.106482175,-0.309250842
0.115627112,-0.287151117
0.124772053,-0.251713188
0.133916994,-0.205347712
0.143061935,-0.151093383
0.152206872,-0.092047675
0.161351813,-0.030452259
0.170496754,0.030282188
0.179641695,0.085656537
0.188786632,0.128645625
0.197931573,0.142181655
0.207076514,0.116322133
0.216221452,0.074195919
0.225366392,0.031636499
0.234511333,-0.006511956
0.243656274,-0.03640094
0.252801212,-0.050078742
0.261946152,-0.041064699
0.271091093,-0.01645554
0.280236031,0.013944746
0.289380972,0.044473469
0.298525912,0.071085113
0.307670853,0.083520171
0.316519694,0.072217923
0.325368532,0.048597354
0.334217372,0.02176176
0.343066211,-0.00578514
0.351915051,-0.033234351
0.360763889,-0.060014162
0.36961273,-0.086260358
0.378461568,-0.111471432
0.387310408,-0.136441686
0.396159247,-0.16092023
0.405008087,-0.178581507
0.414153028,-0.176210307
0.423297969,-0.169526375
0.432442909,-0.159186049
0.441587847,-0.145368653
0.450732788,-0.127814589
0.459877729,-0.107452039
0.469022666,-0.085024417
0.478167607,-0.061102617
0.487312548,-0.047538559
0.496457489,-0.064337507
0.505602426,-0.073271276
0.514747367,-0.076729843
0.523892308,-0.077016106
0.533037246,-0.075696354
0.542182186,-0.073686522
0.551327127,-0.071488658
0.560472068,-0.088080255
0.569617006,-0.149441108
0.578761946,-0.150260171
0.587906887,-0.160000758
0.597051828,-0.20478362
0.606196766,-0.314149707
0.615341706,-0.422909797
0.624449419,-0.314684683
0.633557132,-0.205425808
0.642664845,-0.160264436
0.651772558,-0.150554598
0.660880271,-0.139329902
0.669987984,-0.080322834
0.679095697,-0.067605866
0.68820341,-0.067552804
0.697311123,-0.066633331
0.706418836,-0.064154374
0.715526549,-0.060223145
0.724634262,-0.053600711
0.733741975,-0.044583947
0.742849688,-0.04645092
0.751957401,-0.064597919
0.761065114,-0.081094004
0.770172827,-0.094849903
0.77928054,-0.105161657
0.788388253,-0.11150327
0.797495966,-0.113665214
0.806344807,-0.113030917
0.815193645,-0.111136188
0.824042485,-0.108119262
0.832891324,-0.103597002
0.841740164,-0.059231563
0.850589002,-0.034243893
0.859437843,-0.029523807
0.868286681,-0.032595156
0.877135521,-0.038279069
0.88598436,-0.045678933
0.8948332,-0.043952643
0.904393818,-0.047383726
0.913954436,-0.051444481
0.923515055,-0.049683904
0.933075673,-0.044911572
0.942636291,-0.036017259
0.952196909,-0.022397145
0.961757527,-0.003647686
0.971318145,0.019688796
0.980878764,0.045777982
0.990439382,0.070750685
1,0.083520171
0,1e+308
0,-0.063696406
0.00884884,-0.056466342
0.017697679,-0.022373472
0.026546519,0.066170465
0.035395357,0.201515805
0.044244198,0.255103998
0.053093036,0.166130122
0.061941876,0.07112593
0.070790715,-0.027080497
0.079639555,-0.12599959
0.088488394,-0.223427227
0.097337234,-0.31673751
0.106482175,-0.309245672
0.115627112,-0.287146491
0.124772053,-0.251709651
0.133916994,-0.205345263
0.143061935,-0.151091751
0.152206872,-0.092047402
0.161351813,-0.030451987
0.170496754,0.030282732
0.179641695,0.085656809
0.188786632,0.128648618
0.197931573,0.142190091
0.207076514,0.116333018
0.216221452,0.074207347
0.225366392,0.031648472
0.234511333,-0.006498623
0.243656274,-0.036385973
0.252801212,-0.050062415
0.261946152,-0.041048916
0.271091093,-0.01644139
0.280236031,0.013957263
0.289380972,0.044484081
0.298525912,0.071092732
0.307670853,0.083520171
0.316519694,0.072220372
0.325368532,0.048600619
0.334217372,0.021765297
0.343066211,-0.005781875
0.351915051,-0.033231086
0.360763889,-0.060010897
0.36961273,-0.086257364
0.378461568,-0.103223118
0.387310408,-0.100618172
0.396159247,-0.100410549
0.405008087,-0.100555586
0.414153028,-0.086679685
0.423297969,-0.052954985
0.432442909,-0.01210063
0.441587847,0.026104696
0.450732788,0.045205999
0.459877729,0.033821573
0.469022666,0.006308687
0.478167607,-0.023131853
0.487312548,-0.037414836
0.496457489,-0.015335791
0.505602426,0.003003865
0.514747367,0.015524911
0.523892308,0.019717913
0.533037246,0.012982007
0.542182186,-0.006566379
0.551327127,-0.04015856
0.560472068,-0.069403994
0.569617006,-0.067597974
0.578761946,-0.066148424
0.587906887,-0.06501888
0.597051828,-0.064188388
0.606196766,-0.063852328
0.615341706,-0.063696406
0.624449419,-0.063850695
0.633557132,-0.064298594
0.642664845,-0.064650165
0.651772558,-0.065505147
0.660880271,-0.066418633
0.669987984,-0.067225723
0.679095697,-0.036622713
0.68820341,-0.008553626
0.697311123,0.005843645
0.706418836,0.008504646
0.715526549,0.0017584
0.724634262,-0.010980882
0.733741975,-0.027675338
0.742849688,-0.033347006
0.751957401,-0.020355475
0.761065114,-0.006903256
0.770172827,0.005367445
0.77928054,0.015318648
0.788388253,0.022049656
0.797495966,0.02427337
0.806344807,0.02400044
0.815193645,0.023356619
0.824042485,0.023165867
0.832891324,0.02549244
0.841740164,0.039604808
0.850589002,0.035722832
0.859437843,0.020542418
0.868286681,0.004867844
0.877135521,-0.01142225
0.88598436,-0.027761325
0.8948332,-0.043937677
0.904393818,-0.047371753
0.913954436,-0.051431692
0.923515055,-0.049667578
0.933075673,-0.044894973
0.942636291,-0.036001205
0.952196909,-0.022381907
0.961757527,-0.003633536
0.971318145,0.019701858
0.980878764,0.045789139
0.990439382,0.070758577
1,0.083520171
0,1e+308
0,-0.063694229
0.00884884,-0.056464165
0.017697679,-0.022372383
0.026546519,0.066170737
0.035395357,0.201515805
0.044244198,0.355514275
0.053093036,0.515012167
0.061941876,0.675045306
0.070790715,0.832405471
0.079639555,0.98538678
0.088488394,1.132166615
0.097337234,1.271361277
0.106482175,1.245205695
0.115627112,1.172466946
0.124772053,1.067548015
0.133916994,0.945575166
0.143061935,0.818805221
0.152206872,0.695476701
0.161351813,0.581117597
0.170496754,0.478662929
0.179641695,0.390485257
0.188786632,0.321343309
0.197931573,0.284621819
0.207076514,0.2855334
0.216221452,0.297530083
0.225366392,0.304506809
0.234511333,0.303395496
0.243656274,0.294984458
0.252801212,0.280836715
0.261946152,0.262254878
0.271091093,0.240029708
0.280236031,0.215603954
0.289380972,0.189638852
0.298525912,0.166140734
0.307670853,0.154353851
0.316519694,0.166039508
0.325368532,0.190744179
0.334217372,0.219931109
0.343066211,0.251600261
0.351915051,0.285056112
0.360763889,0.32083119
0.36961273,0.359742652
0.378461568,0.401602468
0.387310408,0.445119456
0.396159247,0.485201552
0.405008087,0.504408707
0.414153028,0.413475883
0.423297969,0.335238802
0.432442909,0.270960888
0.441587847,0.22357308
0.450732788,0.203853535
0.459877729,0.219861175
0.469022666,0.2550025
0.478167607,0.293720489
0.487312548,0.330056121
0.496457489,0.362014531
0.505602426,0.38936306
0.514747367,0.412229873
0.523892308,0.431207092
0.533037246,0.446613361
0.542182186,0.458733856
0.551327127,0.469175952
0.560472068,0.477295557
0.569617006,0.427462262
0.578761946,0.26775321
0.587906887,0.115748245
0.597051828,-0.002255279
0.606196766,-0.053305195
0.615341706,-0.063694229
0.624449419,-0.053402612
0.633557132,-0.003079512
0.642664845,0.113947124
0.651772558,0.264864722
0.660880271,0.421086635
0.669987984,0.472901735
0.679095697,0.464922541
0.68820341,0.453084228
0.697311123,0.437622448
0.706418836,0.418148077
0.715526549,0.39330354
0.724634262,0.362469777
0.733741975,0.3252993
0.742849688,0.281886258
0.751957401,0.234404571
0.761065114,0.187221665
0.770172827,0.144663061
0.77928054,0.111140814
0.788388253,0.090355671
0.797495966,0.083287242
0.806344807,0.082154704
0.815193645,0.078063473
0.824042485,0.071051915
0.832891324,0.061412555
0.841740164,0.049650979
0.850589002,0.085329728
0.859437843,0.163132788
0.868286681,0.259929393
0.877135521,0.370398902
0.88598436,0.492447943
0.8948332,0.624734723
0.904393818,0.591207034
0.913954436,0.519982054
0.923515055,0.4457777
0.933075673,0.381900338
0.942636291,0.329994352
0.952196909,0.28774106
0.961757527,0.252194829
0.971318145,0.220813574
0.980878764,0.192029372
0.990439382,0.166861564
1,0.154353851
0,1e+308
0,0.496301892
0.00884884,0.485355024
0.017697679,0.453812133
0.026546519,0.401984516
0.035395357,0.334886142
0.044244198,0.355514548
0.053093036,0.515012167
0.061941876,0.675045578
0.070790715,0.832405743
0.079639555,0.985387052
0.088488394,1.132167431
0.097337234,1.271362093
0.106482175,1.245217124
0.115627112,1.172478103
0.124772053,1.067558355
0.133916994,0.945584145
0.143061935,0.818813657
0.152206872,0.695484048
0.161351813,0.581123583
0.170496754,0.478668371
0.179641695,0.390490699
0.188786632,0.321350384
0.197931573,0.284632703
0.207076514,0.285545373
0.216221452,0.297540695
0.225366392,0.304516061
0.234511333,0.303403932
0.243656274,0.294992349
0.252801212,0.280844062
0.261946152,0.262261953
0.271091093,0.240036783
0.280236031,0.215611301
0.289380972,0.189646199
0.298525912,0.166146449
0.307670853,0.154354123
0.316519694,0.166041957
0.325368532,0.190747444
0.334217372,0.219934918
0.343066211,0.251603798
0.351915051,0.28505965
0.360763889,0.320834728
0.36961273,0.35974619
0.378461568,0.401606005
0.387310408,0.445123266
0.396159247,0.485206178
0.405008087,0.504413605
0.414153028,0.603203988
0.423297969,0.705971315
0.432442909,0.735729956
0.441587847,0.75019063
0.450732788,0.761644989
0.459877729,0.779233883
0.469022666,0.805568516
0.478167607,0.843243493
0.487312548,0.894243612
0.496457489,0.959721003
0.505602426,1.005269594
0.514747367,1.04129039
0.523892308,1.081498475
0.533037246,1.005037481
0.542182186,0.878863738
0.551327127,0.737630944
0.560472068,0.58572911
0.569617006,0.483595264
0.578761946,0.488308276
0.587906887,0.4918746
0.597051828,0.494423218
0.606196766,0.4958344
0.615341706,0.496301892
0.624449419,0.495838482
0.633557132,0.494431109
0.642664845,0.492019364
0.651772558,0.488555899
0.660880271,0.486522937
0.669987984,0.586341094
0.679095697,0.737106036
0.68820341,0.878086581
0.697311123,0.840970254
0.706418836,0.735479067
0.715526549,0.644469779
0.724634262,0.568893971
0.733741975,0.508630553
0.742849688,0.463146181
0.751957401,0.431214984
0.761065114,0.410647804
0.770172827,0.398724048
0.77928054,0.392699719
0.788388253,0.390079807
0.797495966,0.389403877
0.806344807,0.394558257
0.815193645,0.410216775
0.824042485,0.436315213
0.832891324,0.473345824
0.841740164,0.521979641
0.850589002,0.582495853
0.859437843,0.65564876
0.868286681,0.741671018
0.877135521,0.84065569
0.88598436,0.76608888
0.8948332,0.624747513
0.904393818,0.591217374
0.913954436,0.519988585
0.923515055,0.445781237
0.933075673,0.381901154
0.942636291,0.329995712
0.952196909,0.287744325
0.961757527,0.252199728
0.971318145,0.22081956
0.980878764,0.192036175
0.990439382,0.166867278
1,0.154354123
0,1e+308
0,2.048163007
0.00884884,2.041644792
0.017697679,2.022138856
0.026546519,1.989374446
0.035395357,1.94364109
0.044244198,1.884713751
0.053093036,1.812746988
0.061941876,1.727968291
0.070790715,1.630817665
0.079639555,1.521847776
0.088488394,1.401648564
0.097337234,1.27137325
0.106482175,1.267736448
0.115627112,1.256842371
0.124772053,1.239054018
0.133916994,1.214921602
0.143061935,1.185351264
0.152206872,1.151845071
0.161351813,1.116910553
0.170496754,1.083422864
0.179641695,1.054988873
0.188786632,1.03622608
0.197931573,1.031924504
0.207076514,1.045945986
0.216221452,1.081000234
0.225366392,1.137129971
0.234511333,1.2119991
0.243656274,1.301354208
0.252801212,1.399841728
0.261946152,1.501111341
0.271091093,1.597415692
0.280236031,1.680773139
0.289380972,1.743765859
0.298525912,1.781736896
0.307670853,1.793842968
0.316519694,1.763358328
0.325368532,1.679443863
0.334217372,1.560557873
0.343066211,1.424731164
0.351915051,1.284985472
0.360763889,1.149936737
0.36961273,1.024782605
0.378461568,0.913148176
0.387310408,0.818041398
0.396159247,0.746187291
0.405008087,0.716427289
0.414153028,0.711013857
0.423297969,0.718363651
0.432442909,0.742140686
0.441587847,0.760962256
0.450732788,0.791683091
0.459877729,0.826283726
0.469022666,0.862807933
0.478167607,0.899608064
0.487312548,0.935680834
0.496457489,0.970642836
0.505602426,1.03991295
0.514747367,1.13352147
0.523892308,1.111507188
0.533037246,1.129584255
0.542182186,1.18931052
0.551327127,1.264190805
0.560472068,1.356360659
0.569617006,1.467078608
0.578761946,1.595448037
0.587906887,1.737050906
0.597051828,1.880220335
0.606196766,1.998785775
0.615341706,2.048163007
0.624449419,1.99847883
0.633557132,1.874725812
0.642664845,1.718011101
0.651772558,1.553081274
0.660880271,1.391036669
0.669987984,1.23668962
0.679095697,1.092703034
0.68820341,0.960337069
0.697311123,1.003483711
0.706418836,1.107513646
0.715526549,1.183990423
0.724634262,1.229078869
0.733741975,1.242659798
0.742849688,1.2300612
0.751957401,1.201164615
0.761065114,1.166532143
0.770172827,1.134262708
0.77928054,1.10920048
0.788388253,1.093666045
0.797495966,1.088422411
0.806344807,1.092061934
0.815193645,1.103622146
0.824042485,1.125486492
0.832891324,1.161185106
0.841740164,1.213083745
0.850589002,1.278561681
0.859437843,1.22933656
0.868286681,1.07033827
0.877135521,0.915215697
0.88598436,0.951334727
0.8948332,1.070960867
0.904393818,1.11272898
0.913954436,1.206416412
0.923515055,1.31210733
0.933075673,1.411819091
0.942636291,1.500485479
0.952196909,1.578086902
0.961757527,1.645879982
0.971318145,1.703918598
0.980878764,1.750558093
0.990439382,1.782126835
1,1.793842968
0,1e+308
0,2.048164912
0.00884884,2.041646697
0.017697679,2.022140761
0.026546519,1.98937635
0.035395357,1.943642722
0.044244198,1.884715383
0.053093036,1.812748621
0.061941876,1.727969651
0.070790715,1.630818754
0.079639555,1.521848864
0.088488394,1.401649381
0.097337234,1.271373794
0.106482175,1.267748149
0.115627112,1.256854072
0.124772053,1.239065446
0.133916994,1.214932487
0.143061935,1.185361604
0.152206872,1.151854867
0.161351813,1.116919533
0.170496754,1.083431027
0.179641695,1.054995948
0.188786632,1.036232066
0.197931573,1.03192913
0.207076514,1.045949251
0.216221452,1.081002411
0.225366392,1.137130788
0.234511333,1.211999644
0.243656274,1.301356113
0.252801212,1.399843905
0.261946152,1.50111379
0.271091093,1.597418141
0.280236031,1.680775316
0.289380972,1.743767492
0.298525912,1.781737984
0.307670853,1.79384324
0.316519694,1.763358328
0.325368532,1.679444135
0.334217372,1.560558418
0.343066211,1.424731437
0.351915051,1.284985744
0.360763889,1.149937009
0.36961273,1.024783149
0.378461568,0.913148448
0.387310408,0.818041942
0.396159247,0.746188107
0.405008087,0.71642865
0.414153028,0.727130071
0.423297969,0.735176205
0.432442909,0.810224928
0.441587847,0.913347636
0.450732788,1.011473517
0.459877729,1.100767128
0.469022666,1.176403073
0.478167607,1.23338126
0.487312548,1.266686089
0.496457489,1.272223061
0.505602426,1.247872138
0.514747367,1.193541346
0.523892308,1.238758774
0.533037246,1.352223984
0.542182186,1.470060975
0.551327127,1.587826945
0.560472068,1.700645885
0.569617006,1.803765327
0.578761946,1.892592807
0.587906887,1.963576149
0.597051828,2.013477201
0.606196766,2.04061212
0.615341706,2.048164912
0.624449419,2.041451863
0.633557132,2.022493965
0.642664845,1.994503791
0.651772558,1.962019658
0.660880271,1.929696344
0.669987984,1.901824813
0.679095697,1.881657368
0.68820341,1.870623696
0.697311123,1.869268297
0.706418836,1.876530743
0.715526549,1.890414807
0.724634262,1.909068211
0.733741975,1.930352411
0.742849688,1.952049679
0.751957401,1.972730875
0.761065114,1.991204955
0.770172827,2.006448228
0.77928054,2.01778313
0.788388253,2.024787068
0.797495966,2.027138131
0.806344807,2.002752922
0.815193645,1.933077631
0.824042485,1.826670237
0.832891324,1.694540467
0.841740164,1.546285775
0.850589002,1.389323168
0.859437843,1.341651273
0.868286681,1.360102768
0.877135521,1.301150122
0.88598436,1.193032765
0.8948332,1.070977193
0.904393818,1.11274313
0.913954436,1.206427569
0.923515055,1.31211631
0.933075673,1.41182671
0.942636291,1.500491738
0.952196909,1.578092072
0.961757527,1.645884336
0.971318145,1.703921863
0.980878764,1.75056027
0.990439382,1.782127923
1,1.79384324
0,1e+308
0,2.374215245
0.00884884,2.421754348
0.017697679,2.553995413
0.026546519,2.746848202
0.035395357,2.974153595
0.044244198,3.213219205
0.053093036,3.444646034
0.061941876,3.618975762
0.070790715,3.730427874
0.079639555,3.833362279
0.088488394,3.917475114
0.097337234,3.970007778
0.106482175,4.007367103
0.115627112,4.110485729
0.124772053,4.255615466
0.133916994,4.409180731
0.143061935,4.530487174
0.152206872,4.583916725
0.161351813,4.570546684
0.170496754,4.522364576
0.179641695,4.46442501
0.188786632,4.406824497
0.197931573,4.350866464
0.207076514,4.293702151
0.216221452,4.231719517
0.225366392,4.162729136
0.234511333,4.087569935
0.243656274,4.010628115
0.252801212,3.939194696
0.261946152,3.882352021
0.271091093,3.850171839
0.280236031,3.852731886
0.289380972,3.898195305
0.298525912,3.98885275
0.307670853,4.080752939
0.316519694,3.866437988
0.325368532,3.520674639
0.334217372,3.190287628
0.343066211,2.880749161
0.351915051,2.597252805
0.360763889,2.345127093
0.36961273,2.12958899
0.378461568,1.956048664
0.387310408,1.828683335
0.396159247,1.750938236
0.405008087,1.724809865
0.414153028,1.738530389
0.423297969,1.778291663
0.432442909,1.843498845
0.441587847,1.935043109
0.450732788,2.054447476
0.459877729,2.203262994
0.469022666,2.382420294
0.478167607,2.592113663
0.487312548,2.831569212
0.496457489,3.099321333
0.505602426,3.393700882
0.514747367,3.712663467
0.523892308,4.054169322
0.533037246,4.416223309
0.542182186,4.18294284
0.551327127,3.914885679
0.560472068,3.627024073
0.569617006,3.331641785
0.578761946,3.043266156
0.587906887,2.780037654
0.597051828,2.564743093
0.606196766,2.423101584
0.615341706,2.374215245
0.624449419,2.4226145
0.633557132,2.561067108
0.642664845,2.767855934
0.651772558,3.016910298
0.660880271,3.285208552
0.669987984,3.552533183
0.679095697,3.797324339
0.68820341,3.980374227
0.697311123,4.017440213
0.706418836,3.968928847
0.715526549,3.90329363
0.724634262,3.781543642
0.733741975,3.660830679
0.742849688,3.593755436
0.751957401,3.569289681
0.761065114,3.573306353
0.770172827,3.562284654
0.77928054,3.531555111
0.788388253,3.51232782
0.797495966,3.505779945
0.806344807,3.296674069
0.815193645,3.043734736
0.824042485,2.800526193
0.832891324,2.571409066
0.841740164,2.360834048
0.850589002,2.177179523
0.859437843,2.041119068
0.868286681,1.996611041
0.877135521,2.076097941
0.88598436,2.247887758
0.8948332,2.470960693
0.904393818,2.496170951
0.913954436,2.570646875
0.923515055,2.689910287
0.933075673,2.845045921
0.942636291,3.023820085
0.952196909,3.214056227
0.961757527,3.406689692
0.971318145,3.596546235
0.980878764,3.781316427
0.990439382,3.958124839
1,4.080752939
0,1e+308
0,3.113308529
0.00884884,3.126203731
0.017697679,3.164262388
0.026546519,3.22490731
0.035395357,3.30503912
0.044244198,3.400551348
0.053093036,3.506923911
0.061941876,3.650926824
0.070790715,3.815856924
0.079639555,3.926483987
0.088488394,3.976701507
0.097337234,3.970011316
0.106482175,4.007370913
0.115627112,4.110489267
0.124772053,4.255618731
0.133916994,4.409183997
0.143061935,4.530490711
0.152206872,4.58391999
0.161351813,4.570549677
0.170496754,4.522367297
0.179641695,4.464427187
0.188786632,4.40682613
0.197931573,4.350867281
0.207076514,4.293702967
0.216221452,4.231720061
0.225366392,4.162729136
0.234511333,4.087570207
0.243656274,4.010628387
0.252801212,3.939194696
0.261946152,3.882352021
0.271091093,3.850172111
0.280236031,3.852732158
0.289380972,3.898195849
0.298525912,3.988853294
0.307670853,4.080753211
0.316519694,4.132054288
0.325368532,4.277364708
0.334217372,4.497749975
0.343066211,4.773795854
0.351915051,5.090036484
0.360763889,5.435048254
0.36961273,5.799473713
0.378461568,6.174643043
0.387310408,6.256959927
0.396159247,6.286518292
0.405008087,6.295873293
0.414153028,6.246567083
0.423297969,6.132927176
0.432442909,5.991610026
0.441587847,5.841759114
0.450732788,5.692661686
0.459877729,5.548934968
0.469022666,5.412667435
0.478167607,5.284266985
0.487312548,5.162412777
0.496457489,5.04367264
0.505602426,4.921494617
0.514747367,4.785131572
0.523892308,4.621393059
0.533037246,4.420791284
0.542182186,4.721151351
0.551327127,4.498304815
0.560472068,4.26967586
0.569617006,4.034569507
0.578761946,3.795219539
0.587906887,3.559446507
0.597051828,3.343563092
0.606196766,3.178564691
0.615341706,3.113308529
0.624449419,3.17805856
0.633557132,3.341688772
0.642664845,3.553411839
0.651772558,3.772700486
0.660880271,3.962308862
0.669987984,4.088500292
0.679095697,4.141981273
0.68820341,4.160391134
0.697311123,4.235357679
0.706418836,4.197889237
0.715526549,3.961051152
0.724634262,3.835200408
0.733741975,3.769337976
0.742849688,3.707830725
0.751957401,3.652007116
0.761065114,3.603020095
0.770172827,3.592029145
0.77928054,3.613917982
0.788388253,3.630474476
0.797495966,3.636564928
0.806344807,3.852580863
0.815193645,3.936178042
0.824042485,3.90425147
0.832891324,3.849631965
0.841740164,3.762154715
0.850589002,3.631018704
0.859437843,3.451274999
0.868286681,3.228859491
0.877135521,2.979223893
0.88598436,2.720724458
0.8948332,2.470960965
0.904393818,2.496171224
0.913954436,2.570646875
0.923515055,2.689910559
0.933075673,2.845045921
0.942636291,3.023820085
0.952196909,3.214056227
0.961757527,3.406689964
0.971318145,3.596546235
0.980878764,3.781316699
0.990439382,3.958125112
1,4.080753211
0,1e+308
0,5.619767288
0.00884884,5.621907191
0.017697679,5.628515748
0.026546519,5.640121675
0.035395357,5.657583492
0.044244198,5.68196598
0.053093036,5.714517869
0.061941876,5.756629662
0.070790715,5.809618117
0.079639555,5.874773053
0.088488394,5.953401706
0.097337234,6.046658655
0.106482175,5.974982238
0.115627112,5.818923321
0.124772053,5.64986716
0.133916994,5.50693311
0.143061935,5.421213714
0.152206872,5.416658529
0.161351813,5.482983555
0.170496754,5.579887645
0.179641695,5.669724939
0.188786632,5.720356071
0.197931573,5.709082123
0.207076514,5.644648833
0.216221452,5.554060232
0.225366392,5.454520992
0.234511333,5.34991608
0.243656274,5.236981764
0.252801212,5.111562049
0.261946152,4.972423714
0.271091093,4.821490606
0.280236031,4.662392178
0.289380972,4.498977208
0.298525912,4.336747294
0.307670853,4.221473343
0.316519694,4.132054288
0.325368532,4.27736498
0.334217372,4.497750519
0.343066211,4.773796398
0.351915051,5.090037028
0.360763889,5.43504907
0.36961273,5.799473985
0.378461568,6.174643859
0.387310408,6.550113058
0.396159247,6.909341688
0.405008087,7.160509832
0.414153028,6.980481496
0.423297969,6.772793061
0.432442909,6.55352972
0.441587847,6.335922191
0.450732788,6.130349169
0.459877729,5.945482377
0.469022666,5.789043318
0.478167607,5.668042731
0.487312548,5.588698691
0.496457489,5.555653459
0.505602426,5.571782734
0.514747367,5.370845988
0.523892308,5.156647229
0.533037246,4.940108564
0.542182186,4.796835732
0.551327127,5.193896892
0.560472068,5.318109782
0.569617006,5.364169131
0.578761946,5.426247276
0.587906887,5.49487112
0.597051828,5.558192009
0.606196766,5.603310659
0.615341706,5.619767288
0.624449419,5.603578147
0.633557132,5.56094444
0.642664845,5.508327149
0.651772558,5.471407288
0.660880271,5.483713364
0.669987984,5.57782992
0.679095697,5.186147906
0.68820341,4.818081292
0.697311123,4.486072754
0.706418836,4.312992845
0.715526549,4.337077096
0.724634262,4.31394742
0.733741975,4.261558432
0.742849688,4.196363767
0.751957401,4.130186226
0.761065114,4.0705718
0.770172827,4.021867233
0.77928054,3.986326445
0.788388253,3.964875984
0.797495966,3.957697076
0.806344807,3.952636576
0.815193645,4.124928171
0.824042485,4.395848514
0.832891324,4.653492695
0.841740164,4.88310126
0.850589002,5.066548162
0.859437843,5.188767002
0.868286681,5.247924005
0.877135521,5.217524808
0.88598436,5.206145008
0.8948332,5.219251371
0.904393818,5.241701578
0.913954436,5.309427718
0.923515055,5.422883405
0.933075673,5.578591839
0.942636291,5.723208097
0.952196909,5.529811352
0.961757527,5.204929203
0.971318145,4.89255395
0.980878764,4.609618149
0.990439382,4.367648813
1,4.221473343
0,1e+308
0,5.619768648
0.00884884,5.621908279
0.017697679,5.628516836
0.026546519,5.640122763
0.035395357,5.65758458
0.044244198,5.681967612
0.053093036,5.714518413
0.061941876,5.756631567
0.070790715,5.809618389
0.079639555,5.87477387
0.088488394,5.953403067
0.097337234,6.046659199
0.106482175,5.974989857
0.115627112,5.81892441
0.124772053,5.649870153
0.133916994,5.506933926
0.143061935,5.421215347
0.152206872,5.416659617
0.161351813,5.482985459
0.170496754,5.579888733
0.179641695,5.669725483
0.188786632,5.720356344
0.197931573,5.7090843
0.207076514,5.644650737
0.216221452,5.554062409
0.225366392,5.454523441
0.234511333,5.349918257
0.243656274,5.236983669
0.252801212,5.111563681
0.261946152,4.972425347
0.271091093,4.821491695
0.280236031,4.662393266
0.289380972,4.498978024
0.298525912,4.336748382
0.307670853,4.221474431
0.316519694,4.57850683
0.325368532,4.927828611
0.334217372,5.256919272
0.343066211,5.550683844
0.351915051,5.794737844
0.360763889,5.98161719
0.36961273,6.114141797
0.378461568,6.202292802
0.387310408,6.550113331
0.396159247,6.909342232
0.405008087,7.160512281
0.414153028,7.265951221
0.423297969,7.079293104
0.432442909,6.88660957
0.441587847,6.699396885
0.450732788,6.523619783
0.459877729,6.362787174
0.469022666,6.217445188
0.478167607,6.082487883
0.487312548,5.941919863
0.496457489,5.774596794
0.505602426,5.579729002
0.514747367,5.547474261
0.523892308,5.427607573
0.533037246,5.345442801
0.542182186,5.302752494
0.551327127,5.295573043
0.560472068,5.605013276
0.569617006,6.027094214
0.578761946,6.048202084
0.587906887,5.86036898
0.597051828,5.726264479
0.606196766,5.646280155
0.615341706,5.619768648
0.624449419,5.645932121
0.633557132,5.723327282
0.642664845,5.848953804
0.651772558,6.018599092
0.660880271,6.001813751
0.669987984,5.583053417
0.679095697,5.761722
0.68820341,6.006389345
0.697311123,6.12101512
0.706418836,5.927507898
0.715526549,5.746776692
0.724634262,5.58039296
0.733741975,5.429562167
0.742849688,5.295558893
0.751957401,5.17966942
0.761065114,5.083020029
0.770172827,5.006642029
0.77928054,4.951396934
0.788388253,4.917984893
0.797495966,4.906793123
0.806344807,4.942945351
0.815193645,5.047857751
0.824042485,5.212448253
0.832891324,5.42594523
0.841740164,5.678681021
0.850589002,5.544849995
0.859437843,5.373612025
0.868286681,5.268254446
0.877135521,5.25852556
0.88598436,5.242233289
0.8948332,5.219254908
0.904393818,5.24170566
0.913954436,5.3094318
0.923515055,5.422887214
0.933075673,5.57859592
0.942636291,5.723212178
0.952196909,5.529812985
0.961757527,5.204930292
0.971318145,4.892554494
0.980878764,4.609618693
0.990439382,4.367649357
1,4.221474431
0,1e+308
0,7.785970011
0.00884884,7.716646562
0.017697679,7.552346678
0.026546519,7.352017562
0.035395357,7.145245334
0.044244198,6.944438658
0.053093036,6.755359
0.061941876,6.580904099
0.070790715,6.422446227
0.079639555,6.280644715
0.088488394,6.155504188
0.097337234,6.046661648
0.106482175,6.062068189
0.115627112,6.108311758
0.124772053,6.18475833
0.133916994,6.287153406
0.143061935,6.401077128
0.152206872,6.494678844
0.161351813,6.530789167
0.170496754,6.504422969
0.179641695,6.448518814
0.188786632,6.40915782
0.197931573,6.421855196
0.207076514,6.484113753
0.216221452,6.566858944
0.225366392,6.642660878
0.234511333,6.697484197
0.243656274,6.738877609
0.252801212,6.78837566
0.261946152,6.862485862
0.271091093,6.966080143
0.280236031,7.095335031
0.289380972,7.23855725
0.298525912,7.370736
0.307670853,7.434743433
0.316519694,7.426430355
0.325368532,7.429899262
0.334217372,7.441218109
0.343066211,7.457503578
0.351915051,7.476350182
0.360763889,7.495804417
0.36961273,7.514190604
0.378461568,7.530135386
0.387310408,7.542380781
0.396159247,7.550065548
0.405008087,7.371018727
0.414153028,7.298995093
0.423297969,7.193302814
0.432442909,7.055917981
0.441587847,6.898789385
0.450732788,6.731163726
0.459877729,6.558491988
0.469022666,6.383623474
0.478167607,6.208044744
0.487312548,6.032947927
0.496457489,5.860560276
0.505602426,5.69578256
0.514747367,5.637182573
0.523892308,5.749671711
0.533037246,5.905040819
0.542182186,6.098084632
0.551327127,6.322742902
0.560472068,6.532099123
0.569617006,6.283676063
0.578761946,6.455617448
0.587906887,6.882620926
0.597051828,7.290694804
0.606196766,7.633083941
0.615341706,7.785970011
0.624449419,7.633261087
0.633557132,7.286400848
0.642664845,6.869789398
0.651772558,6.434500326
0.660880271,6.227476665
0.669987984,6.471013104
0.679095697,6.539925389
0.68820341,6.325834659
0.697311123,6.254421377
0.706418836,6.439914031
0.715526549,6.592487713
0.724634262,6.76210198
0.733741975,6.949470315
0.742849688,7.142602565
0.751957401,7.316911884
0.761065114,7.248991455
0.770172827,7.192667428
0.77928054,7.15021767
0.788388253,7.123740178
0.797495966,7.114727768
0.806344807,7.000003214
0.815193645,6.728953073
0.824042485,6.402390077
0.832891324,6.076356342
0.841740164,5.783113413
0.850589002,5.962702829
0.859437843,6.272159117
0.868286681,6.602498237
0.877135521,6.950283935
0.88598436,7.312548539
0.8948332,7.686711864
0.904393818,7.494482488
0.913954436,7.130337578
0.923515055,6.737602484
0.933075673,6.353656122
0.942636291,6.043421316
0.952196909,6.137407258
0.961757527,6.426620725
0.971318145,6.755846356
0.980878764,7.082186763
0.990439382,7.339261954
1,7.434743433
0,1e+308
0,7.785973004
0.00884884,7.716649828
0.017697679,7.552349943
0.026546519,7.352021643
0.035395357,7.145246967
0.044244198,6.944439746
0.053093036,6.75536417
0.061941876,6.580904916
0.070790715,6.422447043
0.079639555,6.280648524
0.088488394,6.155511808
0.097337234,6.046669811
0.106482175,6.062071726
0.115627112,6.108314751
0.124772053,6.184761324
0.133916994,6.287156399
0.143061935,6.401079849
0.152206872,6.494680749
0.161351813,6.530791888
0.170496754,6.504426506
0.179641695,6.448519358
0.188786632,6.409158637
0.197931573,6.421856284
0.207076514,6.484115113
0.216221452,6.566860576
0.225366392,6.642661422
0.234511333,6.69748719
0.243656274,6.738879242
0.252801212,6.788376748
0.261946152,6.862489128
0.271091093,6.96608232
0.280236031,7.095335847
0.289380972,7.238559426
0.298525912,7.370737905
0.307670853,7.434749147
0.316519694,7.460326487
0.325368532,7.510779385
0.334217372,7.5964498
0.343066211,7.729951024
0.351915051,7.922067473
0.360763889,8.153688591
0.36961273,8.063950891
0.378461568,7.948172985
0.387310408,7.788959453
0.396159247,7.572567729
0.405008087,7.371021448
0.414153028,7.31850892
0.423297969,7.473299242
0.432442909,7.567403009
0.441587847,7.384033659
0.450732788,7.164957532
0.459877729,6.933824042
0.469022666,6.705152092
0.478167607,6.493311745
0.487312548,6.320401634
0.496457489,6.211679368
0.505602426,6.170395618
0.514747367,6.18396403
0.523892308,6.242808647
0.533037246,6.340646632
0.542182186,6.469177969
0.551327127,6.595715255
0.560472068,6.572194552
0.569617006,6.838240792
0.578761946,7.109359234
0.587906887,7.368043434
0.597051828,7.587395484
0.606196766,7.734606892
0.615341706,7.785973004
0.624449419,7.736255901
0.633557132,7.603329654
0.642664845,7.418668308
0.651772558,7.207398583
0.660880271,6.985130833
0.669987984,6.760832842
0.679095697,6.745036633
0.68820341,6.688426616
0.697311123,6.699063001
0.706418836,6.871619091
0.715526549,7.15389284
0.724634262,7.465537195
0.733741975,7.479786164
0.742849688,7.394403373
0.751957401,7.330970373
0.761065114,7.506783393
0.770172827,7.662853467
0.77928054,7.790129815
0.788388253,7.876072071
0.797495966,7.906912093
0.806344807,7.866607408
0.815193645,7.761235951
0.824042485,7.625503938
0.832891324,7.495798974
0.841740164,7.40488547
0.850589002,7.382024099
0.859437843,7.448912672
0.868286681,7.611134967
0.877135521,7.856435249
0.88598436,8.070048962
0.8948332,7.686714585
0.904393818,7.494487658
0.913954436,7.130338938
0.923515055,6.737603028
0.933075673,6.353656394
0.942636291,6.043421316
0.952196909,6.137409435
0.961757527,6.426623175
0.971318145,6.755848805
0.980878764,7.082189484
0.990439382,7.339264403
1,7.434749147
0,1e+308
0,7.991218945
0.00884884,7.940341549
0.017697679,7.801633427
0.026546519,7.607623066
0.035395357,7.39154128
0.044244198,7.178286484
0.053093036,6.986041054
0.061941876,6.829734513
0.070790715,6.7224003
0.079639555,6.674425815
0.088488394,6.689663645
0.097337234,6.76324377
0.106482175,6.831862716
0.115627112,6.977710833
0.124772053,7.12932477
0.133916994,7.257591884
0.143061935,7.366375104
0.152206872,7.491370594
0.161351813,7.679954461
0.170496754,7.942735607
0.179641695,8.215334076
0.188786632,8.252725238
0.197931573,8.072316487
0.207076514,7.878724909
0.216221452,7.724249151
0.225366392,7.635099488
0.234511333,7.627166282
0.243656274,7.695518011
0.252801212,7.81779454
0.261946152,7.969904813
0.271091093,8.131482742
0.280236031,8.281721144
0.289380972,8.393044546
0.298525912,8.436197991
0.307670853,8.429050104
0.316519694,8.419276864
0.325368532,8.391174036
0.334217372,8.347917732
0.343066211,8.293005977
0.351915051,8.228431187
0.360763889,8.174957553
0.36961273,8.063952252
0.378461568,7.948174346
0.387310408,7.788959997
0.396159247,7.57256909
0.405008087,7.552707501
0.414153028,7.649925611
0.423297969,7.672672695
0.432442909,7.62598041
0.441587847,7.777423731
0.450732788,7.927689344
0.459877729,8.076382684
0.469022666,8.222802784
0.478167607,8.365508803
0.487312548,8.502815811
0.496457489,8.632753432
0.505602426,8.753370338
0.514747367,8.630323456
0.523892308,8.218623388
0.533037246,7.802629092
0.542182186,7.40588957
0.551327127,7.073124011
0.560472068,7.001785288
0.569617006,7.193922145
0.578761946,7.456357163
0.587906887,7.755782518
0.597051828,8.053287022
0.606196766,8.007345499
0.615341706,7.991218945
0.624449419,8.007218422
0.633557132,8.0521436
0.642664845,7.758605971
0.651772558,7.45862768
0.660880271,7.191718023
0.669987984,6.965093186
0.679095697,6.790499508
0.68820341,7.045752897
0.697311123,7.370019252
0.706418836,7.714851427
0.715526549,7.670554833
0.724634262,7.571980508
0.733741975,7.773235355
0.742849688,8.059181824
0.751957401,8.307159706
0.761065114,8.501214149
0.770172827,8.631389326
0.77928054,8.70108693
0.788388253,8.727770685
0.797495966,8.733254595
0.806344807,8.852332425
0.815193645,9.135738984
0.824042485,9.480722998
0.832891324,9.827273572
0.841740164,9.978645056
0.850589002,9.619559286
0.859437843,9.240337637
0.868286681,8.851218119
0.877135521,8.459466445
0.88598436,8.16457505
0.8948332,8.516690895
0.904393818,8.712903202
0.913954436,9.08749946
0.923515055,9.492607026
0.933075673,9.88361202
0.942636291,9.880305565
0.952196909,9.539361625
0.961757527,9.21329442
0.971318145,8.91346688
0.980878764,8.657685046
0.990439382,8.482285911
1,8.429050104
0,1e+308
